4 ; 4 ; 4 ; 0.093681 ; 0.00231284 ; -0.00241421 ; 101.584;
5 ; 4 ; 4 ; 0.0731523 ; 0.0137155 ; 0.00103331 ; 101.48;
6 ; 4 ; 4 ; 0.0700303 ; -0.00063723 ; -0.00764187 ; 101.827;
7 ; 4 ; 4 ; 0.0663748 ; -0.000654312 ; -0.00660344 ; 101.772;
8 ; 4 ; 4 ; 0.0688003 ; 0.00137729 ; 0.0149567 ; 101.563;
9 ; 4 ; 4 ; 0.0724094 ; 0.00736076 ; -0.00190477 ; 101.464;
10 ; 4 ; 4 ; 0.0594621 ; 0.000662494 ; -0.010878 ; 101.596;
11 ; 4 ; 4 ; 0.0602655 ; -0.00278045 ; -0.00474961 ; 102.156;
12 ; 4 ; 4 ; 0.0661144 ; 0.0123296 ; 0.00252009 ; 101.477;
13 ; 4 ; 4 ; 0.0648193 ; 0.00584655 ; -0.0026959 ; 101.301;
4 ; 5 ; 4 ; 0.0777838 ; 0.00353879 ; 0.0110206 ; 101.813;
5 ; 5 ; 4 ; 0.0657744 ; 0.00614855 ; -0.00405232 ; 101.515;
6 ; 5 ; 4 ; 0.0556068 ; 7.21547e-05 ; -0.000725972 ; 101.562;
7 ; 5 ; 4 ; 0.0745125 ; 0.0186554 ; 0.00794924 ; 101.748;
8 ; 5 ; 4 ; 0.0581203 ; 0.0113014 ; -0.00934475 ; 101.342;
9 ; 5 ; 4 ; 0.063903 ; 0.00148847 ; -0.00248547 ; 101.325;
10 ; 5 ; 4 ; 0.0538349 ; 0.00294249 ; -0.0144402 ; 101.279;
11 ; 5 ; 4 ; 0.0733531 ; -0.00718882 ; -0.00194455 ; 101.799;
12 ; 5 ; 4 ; 0.0789544 ; 0.00297069 ; 0.00372513 ; 101.553;
13 ; 5 ; 4 ; 0.0773869 ; -0.00343357 ; 0.00160841 ; 101.139;
4 ; 6 ; 4 ; 0.0810346 ; 0.00372999 ; 0.00649154 ; 101.694;
5 ; 6 ; 4 ; 0.0660724 ; -0.00611631 ; -0.0116669 ; 101.591;
6 ; 6 ; 4 ; 0.063397 ; 0.0199944 ; 0.010243 ; 101.179;
7 ; 6 ; 4 ; 0.0670557 ; 0.00618421 ; 0.0184166 ; 101.835;
8 ; 6 ; 4 ; 0.0697776 ; 0.00375561 ; 0.0197007 ; 101.037;
9 ; 6 ; 4 ; 0.0472508 ; 0.000508446 ; -0.0171153 ; 101.419;
10 ; 6 ; 4 ; 0.0488452 ; 0.00794506 ; 0.00709094 ; 101.714;
11 ; 6 ; 4 ; 0.0495422 ; -0.00317225 ; -0.000227406 ; 101.315;
12 ; 6 ; 4 ; 0.0664418 ; 0.00711455 ; -0.0166619 ; 101.538;
13 ; 6 ; 4 ; 0.0787522 ; -0.00388508 ; -0.00424379 ; 101.68;
4 ; 7 ; 4 ; 0.0708255 ; -0.00192717 ; -0.00100379 ; 101.788;
5 ; 7 ; 4 ; 0.0489937 ; -0.0081704 ; 0.0137229 ; 101.588;
6 ; 7 ; 4 ; 0.0452216 ; -0.0103422 ; 0.01421 ; 102.001;
7 ; 7 ; 4 ; 0.0562082 ; 0.000290707 ; 0.000870408 ; 101.577;
8 ; 7 ; 4 ; 0.0733436 ; 0.0188511 ; -0.00153273 ; 101.659;
9 ; 7 ; 4 ; 0.062792 ; -0.00738953 ; 0.00670967 ; 101.715;
10 ; 7 ; 4 ; 0.0631138 ; -0.00039341 ; 0.00200504 ; 101.624;
11 ; 7 ; 4 ; 0.0642966 ; -0.00398144 ; -0.00291522 ; 101.596;
12 ; 7 ; 4 ; 0.0609317 ; 0.0122601 ; 0.00419289 ; 101.521;
13 ; 7 ; 4 ; 0.0660755 ; -0.00695737 ; 0.00411857 ; 101.63;
4 ; 8 ; 4 ; 0.0611182 ; 0.0142542 ; 0.0180113 ; 101.629;
5 ; 8 ; 4 ; 0.0606849 ; 0.0180533 ; 0.00724723 ; 101.876;
6 ; 8 ; 4 ; 0.0646158 ; 0.00709361 ; 0.00991571 ; 102.071;
7 ; 8 ; 4 ; 0.0614939 ; -0.000619717 ; 0.00551924 ; 101.742;
8 ; 8 ; 4 ; 0.0647243 ; 0.000945549 ; 0.0147728 ; 101.86;
9 ; 8 ; 4 ; 0.0696349 ; -0.00455826 ; 0.00807403 ; 101.615;
10 ; 8 ; 4 ; 0.0673887 ; -0.0108763 ; -0.00758436 ; 101.477;
11 ; 8 ; 4 ; 0.064318 ; 0.00235717 ; -0.0142898 ; 101.396;
12 ; 8 ; 4 ; 0.0655491 ; -0.0112577 ; 0.00423566 ; 101.242;
13 ; 8 ; 4 ; 0.0755415 ; -0.00306751 ; 0.00373532 ; 101.575;
4 ; 9 ; 4 ; 0.0742986 ; 0.00608311 ; 0.00609135 ; 101.854;
5 ; 9 ; 4 ; 0.0450792 ; -0.00810754 ; -0.000963122 ; 101.734;
6 ; 9 ; 4 ; 0.062951 ; 0.00632921 ; 0.0151724 ; 101.12;
7 ; 9 ; 4 ; 0.0530348 ; 4.64998e-05 ; 0.00664378 ; 101.134;
8 ; 9 ; 4 ; 0.0602603 ; -0.000183567 ; 0.00293526 ; 101.562;
9 ; 9 ; 4 ; 0.070871 ; -0.0027407 ; -0.00396624 ; 101.233;
10 ; 9 ; 4 ; 0.0577201 ; 0.00149098 ; -0.0100254 ; 101.854;
11 ; 9 ; 4 ; 0.0495313 ; 0.0067276 ; -0.00254863 ; 101.413;
12 ; 9 ; 4 ; 0.055454 ; 0.00326585 ; -0.00568744 ; 101.202;
13 ; 9 ; 4 ; 0.072474 ; -0.00727872 ; -0.00663989 ; 101.407;
4 ; 10 ; 4 ; 0.0719085 ; 0.000877364 ; 0.000428448 ; 102.174;
5 ; 10 ; 4 ; 0.0688962 ; -0.010151 ; 0.0164836 ; 101.862;
6 ; 10 ; 4 ; 0.0505967 ; 0.00659566 ; 0.0024824 ; 101.339;
7 ; 10 ; 4 ; 0.0621488 ; 0.00418476 ; 0.00484945 ; 101.149;
8 ; 10 ; 4 ; 0.0493618 ; 0.0167202 ; -0.00449292 ; 101.119;
9 ; 10 ; 4 ; 0.0443752 ; -0.00304211 ; -0.00824855 ; 101.661;
10 ; 10 ; 4 ; 0.0711041 ; -0.0125925 ; -0.000539955 ; 101.674;
11 ; 10 ; 4 ; 0.0534686 ; 0.00448733 ; 0.000101165 ; 101.107;
12 ; 10 ; 4 ; 0.0828041 ; 0.00846514 ; -0.000535963 ; 101.05;
13 ; 10 ; 4 ; 0.0840846 ; 0.00721535 ; 0.00263743 ; 101.437;
4 ; 11 ; 4 ; 0.064139 ; 0.00181534 ; -0.00881016 ; 101.46;
5 ; 11 ; 4 ; 0.0547764 ; -0.00476634 ; 0.000971058 ; 101.669;
6 ; 11 ; 4 ; 0.0407222 ; 0.00548984 ; 0.00276035 ; 101.871;
7 ; 11 ; 4 ; 0.0465827 ; 0.00251698 ; 0.00246967 ; 101.787;
8 ; 11 ; 4 ; 0.0685028 ; 0.000782397 ; -0.0112355 ; 102.016;
9 ; 11 ; 4 ; 0.0588173 ; 0.00228508 ; -0.00695624 ; 101.878;
10 ; 11 ; 4 ; 0.0737268 ; 2.08985e-05 ; 0.00352428 ; 101.74;
11 ; 11 ; 4 ; 0.0621292 ; 0.00510481 ; -0.00378562 ; 101.722;
12 ; 11 ; 4 ; 0.0740444 ; -0.00751004 ; 0.00956601 ; 102.053;
13 ; 11 ; 4 ; 0.0722044 ; 0.00201716 ; 0.0070602 ; 101.203;
4 ; 12 ; 4 ; 0.0636312 ; -0.00528545 ; 0.00598436 ; 101.257;
5 ; 12 ; 4 ; 0.0586946 ; 0.00119627 ; 0.011459 ; 101.881;
6 ; 12 ; 4 ; 0.0660063 ; -0.0120634 ; 0.0173634 ; 101.685;
7 ; 12 ; 4 ; 0.0726509 ; -0.000125036 ; -0.0117807 ; 101.735;
8 ; 12 ; 4 ; 0.080402 ; 0.00362511 ; -0.0131517 ; 101.79;
9 ; 12 ; 4 ; 0.0602289 ; 0.000387552 ; 0.00912927 ; 101.281;
10 ; 12 ; 4 ; 0.0600948 ; -0.0050642 ; -0.0057037 ; 101.873;
11 ; 12 ; 4 ; 0.0574863 ; 0.012011 ; -0.00200714 ; 101.286;
12 ; 12 ; 4 ; 0.056855 ; -0.00266349 ; 0.00535182 ; 101.209;
13 ; 12 ; 4 ; 0.0771555 ; 0.0108294 ; 0.0129478 ; 101.129;
4 ; 13 ; 4 ; 0.0634829 ; -0.00456551 ; 0.00159167 ; 101.636;
5 ; 13 ; 4 ; 0.0741985 ; 0.00859862 ; -0.00514155 ; 101.42;
6 ; 13 ; 4 ; 0.0741803 ; -0.0132008 ; 0.00461102 ; 101.468;
7 ; 13 ; 4 ; 0.0859906 ; 0.00475462 ; -0.00375264 ; 101.24;
8 ; 13 ; 4 ; 0.0711177 ; 0.00263356 ; -0.00379896 ; 101.462;
9 ; 13 ; 4 ; 0.0568764 ; 0.00837646 ; -0.00180715 ; 101.614;
10 ; 13 ; 4 ; 0.0561961 ; 0.00849656 ; -0.000950815 ; 102.099;
11 ; 13 ; 4 ; 0.0591149 ; 0.00130729 ; -0.0095831 ; 100.882;
12 ; 13 ; 4 ; 0.0667484 ; -0.00776302 ; -0.00364844 ; 101.464;
13 ; 13 ; 4 ; 0.0752092 ; -0.00605934 ; -0.00967432 ; 101.178;
4 ; 4 ; 5 ; 0.0174615 ; 0.000531147 ; 0.00487172 ; 101.438;
5 ; 4 ; 5 ; 0.0269663 ; -0.0060884 ; -0.0054866 ; 101.914;
6 ; 4 ; 5 ; 0.00808353 ; -0.00624806 ; 0.00722833 ; 101.805;
7 ; 4 ; 5 ; 0.0158851 ; -0.000178462 ; -0.00029041 ; 101.696;
8 ; 4 ; 5 ; 0.0161693 ; -0.00672785 ; 0.00236808 ; 101.466;
9 ; 4 ; 5 ; 0.0242805 ; 0.0160982 ; -0.0036859 ; 101.846;
10 ; 4 ; 5 ; 0.0162601 ; -0.00479147 ; -0.000232638 ; 101.125;
11 ; 4 ; 5 ; 0.0197534 ; 0.0076865 ; 0.00861613 ; 101.675;
12 ; 4 ; 5 ; 0.0312845 ; 0.00677417 ; 0.00127273 ; 101.396;
13 ; 4 ; 5 ; 0.0292204 ; -0.00579917 ; -0.0051496 ; 101.637;
4 ; 5 ; 5 ; 0.0205175 ; -0.0082767 ; -0.00237935 ; 101.594;
5 ; 5 ; 5 ; 0.02715 ; 0.00227873 ; -0.00743156 ; 101.652;
6 ; 5 ; 5 ; 0.0245698 ; 0.0107821 ; -0.00666546 ; 101.594;
7 ; 5 ; 5 ; 0.0174246 ; 0.00627253 ; -0.0156545 ; 101.371;
8 ; 5 ; 5 ; 0.0411238 ; 0.00840464 ; 0.00948491 ; 101.381;
9 ; 5 ; 5 ; 0.0162804 ; 0.00798194 ; 0.00238738 ; 101.601;
10 ; 5 ; 5 ; 0.0201467 ; -0.0116703 ; -0.00758338 ; 101.791;
11 ; 5 ; 5 ; 0.0250636 ; -0.0133807 ; 0.00759512 ; 101.566;
12 ; 5 ; 5 ; 0.0131166 ; -0.00131827 ; -0.00330285 ; 101.501;
13 ; 5 ; 5 ; 0.0183568 ; -0.00612113 ; -0.0130578 ; 101.333;
4 ; 6 ; 5 ; 0.0209726 ; -0.0063851 ; 0.00296263 ; 101.499;
5 ; 6 ; 5 ; 0.0310659 ; 0.0115564 ; -0.00344389 ; 101.864;
6 ; 6 ; 5 ; 0.0237892 ; 0.0107566 ; 0.0122107 ; 101.907;
7 ; 6 ; 5 ; 0.0295324 ; -0.000195207 ; -0.00281359 ; 101.305;
8 ; 6 ; 5 ; 0.0350963 ; -0.000624034 ; -0.00105834 ; 102.04;
9 ; 6 ; 5 ; 0.0240144 ; 0.00173659 ; -0.00594022 ; 101.451;
10 ; 6 ; 5 ; 0.0254802 ; -0.0111406 ; -0.00292645 ; 102.231;
11 ; 6 ; 5 ; 0.0372785 ; -0.011198 ; 0.0174538 ; 102.272;
12 ; 6 ; 5 ; 0.0112824 ; 0.00352643 ; -0.00954583 ; 101.587;
13 ; 6 ; 5 ; 0.0318337 ; -0.00739383 ; -0.0111948 ; 101.745;
4 ; 7 ; 5 ; 0.015611 ; -0.00876916 ; 0.00993913 ; 101.269;
5 ; 7 ; 5 ; 0.0122168 ; -0.000214893 ; 0.00725319 ; 101.879;
6 ; 7 ; 5 ; 0.0348539 ; 0.000762969 ; 0.0142707 ; 101.645;
7 ; 7 ; 5 ; 0.0181869 ; 0.0162859 ; 0.00591211 ; 101.455;
8 ; 7 ; 5 ; 0.0152007 ; -0.00666647 ; -0.0112252 ; 102.09;
9 ; 7 ; 5 ; 0.0200492 ; 0.000867895 ; -0.00158386 ; 101.715;
10 ; 7 ; 5 ; 0.0105882 ; 0.00380313 ; -0.0103514 ; 101.863;
11 ; 7 ; 5 ; 0.0185662 ; 0.0115548 ; -0.00593417 ; 101.318;
12 ; 7 ; 5 ; 0.0294798 ; 0.0142135 ; 0.0140963 ; 101.6;
13 ; 7 ; 5 ; 0.0136859 ; 1.03366e-05 ; -0.00153026 ; 101.654;
4 ; 8 ; 5 ; 0.0117035 ; -0.000998884 ; 0.00465802 ; 101.799;
5 ; 8 ; 5 ; 0.018589 ; 0.00428962 ; 0.0112769 ; 101.273;
6 ; 8 ; 5 ; 0.0205918 ; 0.00974514 ; 0.00698753 ; 102.013;
7 ; 8 ; 5 ; 0.0172667 ; 0.00417043 ; 0.00407354 ; 101.455;
8 ; 8 ; 5 ; 0.0103368 ; -0.0019863 ; -0.0134422 ; 101.541;
9 ; 8 ; 5 ; 0.0212521 ; 0.00148483 ; 0.00727385 ; 101.734;
10 ; 8 ; 5 ; 0.024895 ; 0.00931288 ; 0.00646267 ; 101.377;
11 ; 8 ; 5 ; 0.0277057 ; 0.0130298 ; -0.012669 ; 101.359;
12 ; 8 ; 5 ; 0.0319985 ; 0.00564639 ; -0.00776975 ; 101.668;
13 ; 8 ; 5 ; 0.0218669 ; 0.00105985 ; -0.00231836 ; 101.762;
4 ; 9 ; 5 ; 0.0275608 ; 0.00370185 ; 0.0159283 ; 101.646;
5 ; 9 ; 5 ; 0.0219006 ; 0.00250476 ; -0.000596798 ; 101.314;
6 ; 9 ; 5 ; 0.00505478 ; -0.00783406 ; -0.00407257 ; 101.553;
7 ; 9 ; 5 ; 0.0189964 ; -0.0143238 ; 0.0120436 ; 101.492;
8 ; 9 ; 5 ; 0.0376876 ; 0.00145627 ; 0.00587861 ; 101.753;
9 ; 9 ; 5 ; 0.0199146 ; 0.0230745 ; -0.00513637 ; 101.196;
10 ; 9 ; 5 ; 0.0148219 ; 0.0262405 ; -0.0141258 ; 101.003;
11 ; 9 ; 5 ; 0.0250148 ; 0.014346 ; 0.00267178 ; 101.294;
12 ; 9 ; 5 ; 0.0168049 ; -0.000378282 ; 0.00121447 ; 101.421;
13 ; 9 ; 5 ; 0.0216385 ; 0.0035331 ; 0.00463707 ; 101.633;
4 ; 10 ; 5 ; 0.0137654 ; 0.00401976 ; -0.00267832 ; 101.434;
5 ; 10 ; 5 ; 0.018523 ; -0.0106684 ; -0.00114531 ; 101.817;
6 ; 10 ; 5 ; 0.0272034 ; 0.0152381 ; 0.010019 ; 101.89;
7 ; 10 ; 5 ; 0.0354965 ; 0.00211494 ; 0.00518434 ; 101.514;
8 ; 10 ; 5 ; 0.00147223 ; -0.00104265 ; -0.0126511 ; 101.237;
9 ; 10 ; 5 ; 0.0166747 ; 0.0132245 ; -0.0169863 ; 101.768;
10 ; 10 ; 5 ; 0.0285191 ; 0.0146883 ; -0.0116903 ; 101.634;
11 ; 10 ; 5 ; 0.0181513 ; -0.00543958 ; -0.00472387 ; 101.838;
12 ; 10 ; 5 ; 0.00765629 ; 0.00436757 ; -0.00177695 ; 101.941;
13 ; 10 ; 5 ; 0.0213749 ; 0.00106778 ; -0.0142238 ; 101.527;
4 ; 11 ; 5 ; 0.0240937 ; -0.00697965 ; 0.00173081 ; 101.707;
5 ; 11 ; 5 ; 0.0266975 ; -0.0039932 ; 0.00789913 ; 101.236;
6 ; 11 ; 5 ; 0.0208226 ; -0.00274459 ; -0.0102324 ; 101.547;
7 ; 11 ; 5 ; 0.0160534 ; -0.000500814 ; -0.0222564 ; 101.824;
8 ; 11 ; 5 ; 0.0340838 ; 0.00190694 ; -0.00347068 ; 101.023;
9 ; 11 ; 5 ; 0.0386545 ; 0.0074972 ; 0.00332763 ; 101.978;
10 ; 11 ; 5 ; 0.00293217 ; 0.00255325 ; -0.00179068 ; 101.662;
11 ; 11 ; 5 ; 0.00769687 ; 0.00872532 ; -0.0178454 ; 101.445;
12 ; 11 ; 5 ; 0.0353213 ; 0.00885496 ; -0.00298565 ; 101.41;
13 ; 11 ; 5 ; 0.0415835 ; -0.0109848 ; -0.00714661 ; 101.083;
4 ; 12 ; 5 ; 0.016584 ; 0.00120145 ; 0.00191281 ; 101.707;
5 ; 12 ; 5 ; 0.011895 ; 0.00944886 ; 0.00673257 ; 101.628;
6 ; 12 ; 5 ; 0.00721858 ; 0.000802831 ; 0.00667723 ; 101.634;
7 ; 12 ; 5 ; 0.0223469 ; -0.00425278 ; -0.000906885 ; 101.708;
8 ; 12 ; 5 ; 0.0275063 ; -0.000457142 ; -0.0077816 ; 101.351;
9 ; 12 ; 5 ; 0.0164695 ; -0.0145818 ; -0.0143396 ; 101.7;
10 ; 12 ; 5 ; 0.0247304 ; -0.000214924 ; 0.00115975 ; 101.266;
11 ; 12 ; 5 ; 0.0173017 ; 0.00867554 ; 0.012981 ; 101.691;
12 ; 12 ; 5 ; 0.0227936 ; -0.00041051 ; -0.00740419 ; 101.226;
13 ; 12 ; 5 ; 0.0342225 ; 0.00490247 ; -0.00418153 ; 101.586;
4 ; 13 ; 5 ; 0.0302437 ; -0.00296914 ; 0.00959982 ; 101.834;
5 ; 13 ; 5 ; 0.0462231 ; 0.00295279 ; -0.00737494 ; 101.503;
6 ; 13 ; 5 ; 0.0302883 ; -0.013355 ; 0.00905902 ; 101.218;
7 ; 13 ; 5 ; 0.0193647 ; -7.95066e-05 ; -0.0170952 ; 101.294;
8 ; 13 ; 5 ; 0.0243384 ; -0.0063613 ; 0.0106392 ; 101.991;
9 ; 13 ; 5 ; 0.0171778 ; -0.0110278 ; -0.00945666 ; 101.396;
10 ; 13 ; 5 ; 0.00765701 ; 0.014184 ; 0.0200068 ; 101.62;
11 ; 13 ; 5 ; 0.0210445 ; 0.0141281 ; 0.000297593 ; 101.204;
12 ; 13 ; 5 ; 0.0152449 ; -0.00162215 ; -0.00470208 ; 101.717;
13 ; 13 ; 5 ; 0.0246739 ; 0.0274103 ; -0.00673037 ; 101.463;
4 ; 4 ; 6 ; 0.00502367 ; -0.00150602 ; 0.00362969 ; 101.437;
5 ; 4 ; 6 ; -0.0032584 ; 0.00606186 ; 0.0045572 ; 101.94;
6 ; 4 ; 6 ; 0.00646883 ; -0.000452819 ; 0.014028 ; 101.827;
7 ; 4 ; 6 ; 0.0181113 ; 0.00822866 ; 0.000156552 ; 101.53;
8 ; 4 ; 6 ; -0.00103894 ; -0.00227514 ; -0.0168268 ; 101.346;
9 ; 4 ; 6 ; 0.0117589 ; 0.00421411 ; 0.00421464 ; 101.656;
10 ; 4 ; 6 ; 0.00618122 ; -0.00226637 ; -0.0124544 ; 101.522;
11 ; 4 ; 6 ; 0.00122059 ; -0.0130242 ; -0.00939504 ; 101.391;
12 ; 4 ; 6 ; 0.00755523 ; 0.0033762 ; -0.000926213 ; 101.939;
13 ; 4 ; 6 ; -0.00154805 ; -0.000452867 ; 0.00110583 ; 102.038;
4 ; 5 ; 6 ; 0.0112337 ; -0.00723395 ; 0.0132939 ; 101.942;
5 ; 5 ; 6 ; 0.0125833 ; -0.00269367 ; -0.010781 ; 101.1;
6 ; 5 ; 6 ; 0.0163671 ; -0.0103818 ; -0.00665284 ; 101.757;
7 ; 5 ; 6 ; 0.0196525 ; -0.00330452 ; -0.0032755 ; 101.511;
8 ; 5 ; 6 ; 0.0114911 ; -0.00188698 ; 0.000882048 ; 101.836;
9 ; 5 ; 6 ; 0.0170181 ; 0.000420259 ; 0.0017101 ; 101.493;
10 ; 5 ; 6 ; 0.00780765 ; -0.00686749 ; -0.00501573 ; 101.367;
11 ; 5 ; 6 ; -0.00225572 ; -0.00972038 ; -0.00042603 ; 101.274;
12 ; 5 ; 6 ; -0.000533843 ; -0.00413719 ; -0.00776435 ; 101.507;
13 ; 5 ; 6 ; 0.010333 ; 0.00481206 ; -0.0019191 ; 101.707;
4 ; 6 ; 6 ; 0.00415424 ; -0.004843 ; -0.00586212 ; 101.377;
5 ; 6 ; 6 ; 0.0108611 ; 0.00637682 ; -0.0105815 ; 101.991;
6 ; 6 ; 6 ; 0.0258592 ; 0.00247171 ; -0.00474201 ; 101.715;
7 ; 6 ; 6 ; 0.0117168 ; -0.00565512 ; 0.0192773 ; 101.723;
8 ; 6 ; 6 ; 0.000590474 ; -0.00697958 ; 0.00565887 ; 101.657;
9 ; 6 ; 6 ; 0.0146158 ; -0.0137775 ; 0.00374095 ; 101.119;
10 ; 6 ; 6 ; 0.0168829 ; 0.00870502 ; 0.000527573 ; 101.55;
11 ; 6 ; 6 ; 0.0155146 ; -0.0114183 ; 0.00501103 ; 101.833;
12 ; 6 ; 6 ; 0.00687183 ; -0.00748949 ; -0.00973718 ; 101.524;
13 ; 6 ; 6 ; 0.00944469 ; -0.000918889 ; -0.00153991 ; 101.617;
4 ; 7 ; 6 ; -0.00255016 ; 0.00323575 ; -0.000431692 ; 101.232;
5 ; 7 ; 6 ; 0.00204354 ; -0.00493884 ; 0.0190901 ; 101.569;
6 ; 7 ; 6 ; -0.000309947 ; -0.00421441 ; 0.0101507 ; 101.816;
7 ; 7 ; 6 ; 0.00719018 ; -0.012246 ; 0.00119345 ; 101.48;
8 ; 7 ; 6 ; 0.00134566 ; 0.00013654 ; -0.0184157 ; 101.451;
9 ; 7 ; 6 ; 0.0096011 ; 0.00251359 ; 0.00531973 ; 101.676;
10 ; 7 ; 6 ; 0.0132559 ; -0.0146927 ; -0.00743913 ; 101.626;
11 ; 7 ; 6 ; 0.00650291 ; -0.0165285 ; 0.00541478 ; 101.843;
12 ; 7 ; 6 ; 0.0146963 ; -0.00567916 ; 0.0121935 ; 101.609;
13 ; 7 ; 6 ; -0.00308676 ; 0.0040231 ; 0.00391425 ; 102.113;
4 ; 8 ; 6 ; -0.000968884 ; 0.00433185 ; 0.0133107 ; 101.857;
5 ; 8 ; 6 ; 0.00378878 ; 0.00587354 ; 0.0123605 ; 101.624;
6 ; 8 ; 6 ; -0.00619557 ; 0.00448423 ; 0.00324402 ; 101.636;
7 ; 8 ; 6 ; 0.0132942 ; -0.00357459 ; -0.00135382 ; 101.35;
8 ; 8 ; 6 ; -0.00277004 ; 0.00553329 ; 0.00398471 ; 101.276;
9 ; 8 ; 6 ; 0.006752 ; -0.00710506 ; -0.00904489 ; 101.631;
10 ; 8 ; 6 ; 0.00725434 ; -0.0202847 ; -0.0106819 ; 101.748;
11 ; 8 ; 6 ; 0.0158026 ; -0.0020259 ; 0.00023783 ; 102.035;
12 ; 8 ; 6 ; 0.0139644 ; -0.000872195 ; -0.00048847 ; 101.74;
13 ; 8 ; 6 ; 0.0130324 ; -0.00756532 ; -0.00158354 ; 101.945;
4 ; 9 ; 6 ; 0.0196749 ; 0.00359699 ; 0.0109921 ; 101.372;
5 ; 9 ; 6 ; 0.00920669 ; -0.00347722 ; -0.000255658 ; 101.646;
6 ; 9 ; 6 ; 0.0131721 ; 0.00029748 ; -0.00370478 ; 101.331;
7 ; 9 ; 6 ; 0.0192847 ; 0.0110165 ; -0.00425618 ; 101.69;
8 ; 9 ; 6 ; 0.00530487 ; 0.0180252 ; -0.00479478 ; 101.2;
9 ; 9 ; 6 ; 0.0176595 ; 0.0148486 ; -0.00411222 ; 101.71;
10 ; 9 ; 6 ; 0.00115336 ; 0.010513 ; 0.00348944 ; 101.552;
11 ; 9 ; 6 ; -0.00990581 ; -0.00103167 ; -0.00533739 ; 101.438;
12 ; 9 ; 6 ; 0.00348558 ; 0.000364513 ; -0.00569998 ; 101.986;
13 ; 9 ; 6 ; -0.00916208 ; -0.00895093 ; 0.00368607 ; 101.644;
4 ; 10 ; 6 ; 0.00568142 ; -0.00283761 ; 0.00648984 ; 101.766;
5 ; 10 ; 6 ; 0.00857756 ; -0.0196092 ; 0.00912772 ; 102.182;
6 ; 10 ; 6 ; -9.31828e-05 ; 0.0052649 ; -0.011799 ; 101.907;
7 ; 10 ; 6 ; 0.0231056 ; 0.00204296 ; 0.00428275 ; 101.418;
8 ; 10 ; 6 ; 0.00987536 ; 0.00884558 ; -0.00931457 ; 101.642;
9 ; 10 ; 6 ; -0.0135817 ; -0.00202778 ; 0.00513216 ; 101.931;
10 ; 10 ; 6 ; -0.00519891 ; 0.000676226 ; 0.00865317 ; 101.805;
11 ; 10 ; 6 ; 0.00507564 ; 0.0119538 ; -0.00384308 ; 101.543;
12 ; 10 ; 6 ; 0.01985 ; 0.00487341 ; -0.0138622 ; 101.039;
13 ; 10 ; 6 ; 0.00780915 ; -0.0046867 ; -0.0181325 ; 101.405;
4 ; 11 ; 6 ; 0.00642154 ; 0.0024741 ; 0.0155193 ; 101.353;
5 ; 11 ; 6 ; 0.0170688 ; -0.013241 ; 0.00974163 ; 101.212;
6 ; 11 ; 6 ; 0.00460624 ; 6.28488e-05 ; 0.000143804 ; 101.715;
7 ; 11 ; 6 ; 0.0149103 ; -0.0107243 ; -0.0140999 ; 101.667;
8 ; 11 ; 6 ; -0.00258972 ; -0.000567603 ; 0.000261036 ; 101.975;
9 ; 11 ; 6 ; 0.0038155 ; 0.0149621 ; 0.00355392 ; 101.253;
10 ; 11 ; 6 ; 0.00136222 ; 0.0029704 ; 0.000959625 ; 101.692;
11 ; 11 ; 6 ; 0.0137774 ; 0.00534004 ; -0.00225186 ; 101.438;
12 ; 11 ; 6 ; 0.00394208 ; 0.0011853 ; 0.00255716 ; 101.716;
13 ; 11 ; 6 ; 0.0195984 ; 0.00235155 ; 0.00132062 ; 101.592;
4 ; 12 ; 6 ; -0.00674816 ; -0.00899163 ; 0.000902003 ; 101.525;
5 ; 12 ; 6 ; 0.00167196 ; 0.000969035 ; -0.00110185 ; 101.462;
6 ; 12 ; 6 ; 0.0103606 ; -0.00103647 ; 0.0148777 ; 101.346;
7 ; 12 ; 6 ; 0.00786532 ; 0.00184006 ; 0.00434672 ; 101.347;
8 ; 12 ; 6 ; -0.00708083 ; -0.00630484 ; -0.00484782 ; 101.737;
9 ; 12 ; 6 ; 0.00380626 ; 0.00253794 ; -0.005985 ; 100.935;
10 ; 12 ; 6 ; 0.00247032 ; 0.00657984 ; -0.0103746 ; 101.187;
11 ; 12 ; 6 ; 0.00200889 ; -0.00232103 ; 0.00416073 ; 102.33;
12 ; 12 ; 6 ; 0.00250841 ; 0.00673381 ; -0.00213369 ; 101.605;
13 ; 12 ; 6 ; 0.0155355 ; 0.0120681 ; -0.00504749 ; 101.31;
4 ; 13 ; 6 ; 0.00524572 ; -0.00942069 ; 0.0121166 ; 101.399;
5 ; 13 ; 6 ; 0.0118191 ; -0.00950886 ; 0.000683457 ; 101.878;
6 ; 13 ; 6 ; 0.00942006 ; -0.00183385 ; -0.00080708 ; 101.722;
7 ; 13 ; 6 ; 0.0208178 ; -0.00671189 ; 0.00151945 ; 101.322;
8 ; 13 ; 6 ; -0.0014387 ; -0.00883992 ; 0.00999069 ; 101.239;
9 ; 13 ; 6 ; 0.00983392 ; -0.00519652 ; 0.00211709 ; 101.905;
10 ; 13 ; 6 ; 0.00949558 ; -0.00435159 ; -0.0128578 ; 101.475;
11 ; 13 ; 6 ; 0.00983041 ; 0.0155227 ; -0.0125036 ; 101.548;
12 ; 13 ; 6 ; 0.00358529 ; 0.00110195 ; -0.00692845 ; 101.593;
13 ; 13 ; 6 ; 0.00873977 ; 0.00997974 ; 0.00305026 ; 101.757;
4 ; 4 ; 7 ; 0.00226885 ; 0.00393877 ; -0.0035606 ; 101.211;
5 ; 4 ; 7 ; 0.0112485 ; -0.00519539 ; -0.000924423 ; 101.436;
6 ; 4 ; 7 ; 0.0175999 ; -0.00736271 ; 0.00620828 ; 101.677;
7 ; 4 ; 7 ; 0.00552202 ; 0.00441202 ; -0.00357846 ; 101.534;
8 ; 4 ; 7 ; 0.00159195 ; -0.0131942 ; 0.0204568 ; 101.654;
9 ; 4 ; 7 ; -0.00533026 ; -0.00238448 ; -0.00109077 ; 101.739;
10 ; 4 ; 7 ; -0.0102882 ; 0.00775501 ; 0.000142742 ; 101.655;
11 ; 4 ; 7 ; 0.00475683 ; 0.00347432 ; -0.0150716 ; 101.481;
12 ; 4 ; 7 ; 0.00832024 ; 0.0104946 ; -0.00571479 ; 101.834;
13 ; 4 ; 7 ; -0.00385375 ; 0.00190377 ; 0.00291297 ; 101.191;
4 ; 5 ; 7 ; 0.011049 ; 0.00323722 ; 0.00956595 ; 101.317;
5 ; 5 ; 7 ; 0.00733318 ; -0.0150935 ; 0.0163589 ; 101.526;
6 ; 5 ; 7 ; -0.009056 ; 0.00370188 ; 0.00025427 ; 102.127;
7 ; 5 ; 7 ; 0.0198908 ; 0.00862585 ; 0.00385854 ; 101.909;
8 ; 5 ; 7 ; 0.00203313 ; -2.05681e-05 ; 0.00866498 ; 101.925;
9 ; 5 ; 7 ; 0.0149226 ; -0.00296571 ; 0.0112858 ; 101.74;
10 ; 5 ; 7 ; 0.00483847 ; 0.00730156 ; 0.0021016 ; 101.489;
11 ; 5 ; 7 ; -0.00929172 ; -0.0110263 ; -0.00719496 ; 101.756;
12 ; 5 ; 7 ; 0.00198105 ; 0.00934878 ; 0.00248571 ; 101.568;
13 ; 5 ; 7 ; -0.0177571 ; -0.00671699 ; 0.00167969 ; 101.877;
4 ; 6 ; 7 ; 0.012331 ; -0.00372482 ; 0.000461208 ; 101.867;
5 ; 6 ; 7 ; 0.00134625 ; -0.00844657 ; 0.00683163 ; 101.598;
6 ; 6 ; 7 ; 0.000208668 ; 0.000448557 ; 0.00489793 ; 101.859;
7 ; 6 ; 7 ; 0.00974646 ; -0.00773655 ; 0.0170754 ; 101.983;
8 ; 6 ; 7 ; 0.0101818 ; -0.00551236 ; 0.0118868 ; 101.659;
9 ; 6 ; 7 ; -0.00247653 ; -0.0040541 ; -0.00894411 ; 101.641;
10 ; 6 ; 7 ; 0.00488233 ; 0.0052723 ; 0.0109896 ; 101.976;
11 ; 6 ; 7 ; 0.00624705 ; 0.00397745 ; -0.00200827 ; 101.52;
12 ; 6 ; 7 ; 0.0161037 ; 0.0145827 ; -0.00221351 ; 101.762;
13 ; 6 ; 7 ; -0.00531363 ; 0.00208141 ; 0.00084379 ; 101.949;
4 ; 7 ; 7 ; -0.00199859 ; -0.0078869 ; 0.00408012 ; 101.96;
5 ; 7 ; 7 ; 0.004353 ; -0.0185333 ; -0.00337447 ; 101.525;
6 ; 7 ; 7 ; -0.00377594 ; 0.00218663 ; -0.00865193 ; 102.045;
7 ; 7 ; 7 ; -0.00474892 ; 0.00217574 ; 0.0113398 ; 101.443;
8 ; 7 ; 7 ; 0.015914 ; -0.000525654 ; -0.00164983 ; 101.343;
9 ; 7 ; 7 ; 0.0009994 ; -0.00446976 ; -0.00612897 ; 101.965;
10 ; 7 ; 7 ; 0.0204746 ; -0.00449155 ; 0.00270966 ; 101.342;
11 ; 7 ; 7 ; 0.00215128 ; 0.00295057 ; -0.00236278 ; 101.537;
12 ; 7 ; 7 ; 0.014544 ; -0.0112863 ; -0.0155598 ; 100.864;
13 ; 7 ; 7 ; 0.00122176 ; 0.00385864 ; 0.00563834 ; 101.829;
4 ; 8 ; 7 ; 0.0165176 ; 0.00925344 ; -0.00249275 ; 101.425;
5 ; 8 ; 7 ; 0.00359731 ; -0.00802935 ; -0.00419135 ; 101.97;
6 ; 8 ; 7 ; 0.00821761 ; 0.00431357 ; 0.00890538 ; 101.533;
7 ; 8 ; 7 ; 0.0125622 ; 0.00536082 ; -0.00691021 ; 101.78;
8 ; 8 ; 7 ; -0.00358218 ; 0.00896039 ; 0.00801748 ; 101.272;
9 ; 8 ; 7 ; -0.00121027 ; 0.00154432 ; -0.00477313 ; 101.862;
10 ; 8 ; 7 ; 0.00276597 ; -0.00767295 ; -0.0215675 ; 101.735;
11 ; 8 ; 7 ; 0.00261457 ; -0.00600783 ; 0.00319169 ; 101.934;
12 ; 8 ; 7 ; 0.00297696 ; -0.000785701 ; 0.00694265 ; 101.587;
13 ; 8 ; 7 ; -0.00464704 ; 0.00224206 ; 0.00181875 ; 101.89;
4 ; 9 ; 7 ; 0.0149801 ; 0.000131755 ; 0.0173129 ; 101.566;
5 ; 9 ; 7 ; 0.0135306 ; -0.00336623 ; 0.00681254 ; 101.441;
6 ; 9 ; 7 ; -0.0063353 ; 0.00169988 ; 0.00450585 ; 101.824;
7 ; 9 ; 7 ; -0.0062789 ; -0.00230467 ; 0.00500637 ; 101.853;
8 ; 9 ; 7 ; -0.00606465 ; 0.00769501 ; -0.00242001 ; 101.494;
9 ; 9 ; 7 ; -8.34076e-05 ; -0.00712323 ; 0.00490368 ; 101.453;
10 ; 9 ; 7 ; 0.0142325 ; -0.000498017 ; 7.36482e-05 ; 101.86;
11 ; 9 ; 7 ; 0.00375297 ; -0.0210563 ; -0.00599903 ; 101.353;
12 ; 9 ; 7 ; 0.0086623 ; -0.00947015 ; -0.00807077 ; 101.94;
13 ; 9 ; 7 ; -0.00108586 ; -0.00797802 ; -0.0116649 ; 101.325;
4 ; 10 ; 7 ; 0.00849722 ; 0.0114985 ; 0.00968241 ; 101.558;
5 ; 10 ; 7 ; 0.00135923 ; 0.00331843 ; 0.0108398 ; 101.716;
6 ; 10 ; 7 ; 0.00348922 ; 0.00862392 ; 0.00918701 ; 101.596;
7 ; 10 ; 7 ; 0.00753397 ; -0.00280348 ; 0.0145921 ; 101.633;
8 ; 10 ; 7 ; -0.000700682 ; 0.00199055 ; -0.00670725 ; 101.777;
9 ; 10 ; 7 ; -0.00486853 ; 0.0122697 ; -0.0014897 ; 101.457;
10 ; 10 ; 7 ; -0.00122179 ; -0.00582115 ; -0.000944697 ; 101.748;
11 ; 10 ; 7 ; 0.00809051 ; 0.00100201 ; -0.00673964 ; 101.906;
12 ; 10 ; 7 ; 3.60967e-05 ; 0.00775129 ; -0.00522423 ; 101.517;
13 ; 10 ; 7 ; -0.000815583 ; 0.0104268 ; 0.000196936 ; 101.606;
4 ; 11 ; 7 ; -0.000190999 ; -5.11838e-05 ; 0.0064452 ; 101.375;
5 ; 11 ; 7 ; 0.00761071 ; 0.00293877 ; 0.00374535 ; 101.936;
6 ; 11 ; 7 ; -0.00269566 ; 0.00337377 ; 0.0153304 ; 101.835;
7 ; 11 ; 7 ; 0.00386933 ; -0.000423719 ; 0.00382654 ; 101.648;
8 ; 11 ; 7 ; -0.00164659 ; -0.00859742 ; -0.0050845 ; 101.202;
9 ; 11 ; 7 ; 0.00184399 ; -0.0142521 ; 0.00118699 ; 101.395;
10 ; 11 ; 7 ; 0.00571475 ; 0.00675978 ; -0.004915 ; 101.476;
11 ; 11 ; 7 ; -0.01061 ; 0.00114518 ; 0.00681112 ; 101.775;
12 ; 11 ; 7 ; -0.00150539 ; -0.00564822 ; 0.0153569 ; 101.246;
13 ; 11 ; 7 ; 0.00186289 ; -0.00586885 ; 0.00155933 ; 101.509;
4 ; 12 ; 7 ; -0.0203237 ; -0.00105558 ; 0.00674793 ; 101.758;
5 ; 12 ; 7 ; 0.00195222 ; 0.0130897 ; 0.00801193 ; 101.244;
6 ; 12 ; 7 ; 0.00527626 ; 0.0104542 ; 0.0104744 ; 101.988;
7 ; 12 ; 7 ; -0.00932126 ; 0.00977515 ; 0.00427075 ; 101.671;
8 ; 12 ; 7 ; 0.0123962 ; -0.00577685 ; -0.0185491 ; 101.043;
9 ; 12 ; 7 ; 0.00367433 ; -0.00752086 ; 0.00176771 ; 102.102;
10 ; 12 ; 7 ; -0.0014402 ; 0.000865809 ; -0.00799546 ; 101.63;
11 ; 12 ; 7 ; 0.00229853 ; 0.004892 ; 0.00618052 ; 102.2;
12 ; 12 ; 7 ; 0.0109027 ; -0.00851953 ; -0.0042818 ; 101.582;
13 ; 12 ; 7 ; -0.00012532 ; -0.00673137 ; 0.00295965 ; 101.573;
4 ; 13 ; 7 ; 0.0136548 ; 0.0013442 ; 0.0067747 ; 101.676;
5 ; 13 ; 7 ; -0.00418565 ; -0.00625863 ; 0.00852205 ; 101.532;
6 ; 13 ; 7 ; -0.000644871 ; 0.00698586 ; 0.00137637 ; 101.703;
7 ; 13 ; 7 ; 0.0119846 ; 0.00468656 ; -0.00306622 ; 101.49;
8 ; 13 ; 7 ; -0.00728955 ; -0.00896632 ; 0.0113395 ; 101.753;
9 ; 13 ; 7 ; -0.00378682 ; 0.00701017 ; 0.010323 ; 101.092;
10 ; 13 ; 7 ; -0.0167017 ; -0.000837862 ; -0.0039016 ; 101.54;
11 ; 13 ; 7 ; 0.0128175 ; -0.0127825 ; -0.0072765 ; 101.501;
12 ; 13 ; 7 ; 0.000270962 ; -0.0043059 ; 0.0108258 ; 101.359;
13 ; 13 ; 7 ; -0.00844508 ; 0.01408 ; 0.000384566 ; 101.733;
4 ; 4 ; 8 ; 0.00329932 ; 0.00310867 ; -0.00128829 ; 101.483;
5 ; 4 ; 8 ; -0.00300553 ; 0.00479282 ; 7.37969e-05 ; 101.414;
6 ; 4 ; 8 ; 0.0113396 ; 0.000959107 ; 0.00790451 ; 101.388;
7 ; 4 ; 8 ; -0.00542895 ; -0.00653624 ; -0.00541092 ; 101.474;
8 ; 4 ; 8 ; 0.00633239 ; 0.00188433 ; 0.00791951 ; 101.777;
9 ; 4 ; 8 ; 0.0159434 ; 0.00399117 ; -0.0145517 ; 101.479;
10 ; 4 ; 8 ; 0.0108862 ; 0.00389883 ; 0.00608695 ; 101.164;
11 ; 4 ; 8 ; 0.0111341 ; 0.0130086 ; -0.00921156 ; 101.754;
12 ; 4 ; 8 ; 0.00597192 ; -0.0060744 ; 0.00772895 ; 101.596;
13 ; 4 ; 8 ; 0.00319449 ; -0.0075621 ; -0.0138001 ; 101.702;
4 ; 5 ; 8 ; -0.00166871 ; 0.00249013 ; 0.0105864 ; 101.624;
5 ; 5 ; 8 ; -0.0118957 ; -0.00194824 ; -0.0023595 ; 101.374;
6 ; 5 ; 8 ; 0.00628911 ; 0.00114936 ; 0.0124936 ; 101.51;
7 ; 5 ; 8 ; 0.000520826 ; 0.00334184 ; 0.0109095 ; 101.68;
8 ; 5 ; 8 ; -0.000644281 ; -0.00837981 ; 0.00187445 ; 101.38;
9 ; 5 ; 8 ; 0.0112277 ; 0.0052037 ; 0.00307369 ; 101.602;
10 ; 5 ; 8 ; -0.00249156 ; 0.00901618 ; 0.000969197 ; 101.441;
11 ; 5 ; 8 ; -0.00296351 ; -0.0120081 ; 0.00652452 ; 101.608;
12 ; 5 ; 8 ; -0.0155681 ; 0.000213357 ; -0.0106169 ; 101.143;
13 ; 5 ; 8 ; -0.00801306 ; 0.00774234 ; -0.00568864 ; 101.021;
4 ; 6 ; 8 ; 0.00831213 ; -0.00278319 ; -0.00703448 ; 101.778;
5 ; 6 ; 8 ; -0.00341856 ; -0.00324777 ; -0.00560548 ; 101.295;
6 ; 6 ; 8 ; -0.00669976 ; -0.00626357 ; -0.00474043 ; 101.511;
7 ; 6 ; 8 ; 0.00909242 ; -0.00219125 ; 0.00987264 ; 101.539;
8 ; 6 ; 8 ; 0.0119701 ; -0.00200463 ; -0.00853936 ; 101.38;
9 ; 6 ; 8 ; 0.0117221 ; -0.00170794 ; -0.0176627 ; 101.709;
10 ; 6 ; 8 ; 0.00810621 ; -0.000972356 ; -0.00839716 ; 102.061;
11 ; 6 ; 8 ; 0.00568662 ; -0.00870272 ; -0.0122401 ; 101.422;
12 ; 6 ; 8 ; -0.000131505 ; 0.000954002 ; 0.0142397 ; 101.738;
13 ; 6 ; 8 ; -0.0136117 ; -0.00195017 ; 0.00141472 ; 101.485;
4 ; 7 ; 8 ; 0.00212134 ; 0.00655701 ; -0.00217061 ; 101.017;
5 ; 7 ; 8 ; -0.00191006 ; -0.00722721 ; 0.0117363 ; 101.937;
6 ; 7 ; 8 ; -0.00167328 ; 0.00965562 ; -0.00263959 ; 101.889;
7 ; 7 ; 8 ; -0.00235077 ; 0.0120415 ; -0.00635439 ; 101.997;
8 ; 7 ; 8 ; 0.00759513 ; 0.00358839 ; -0.00292122 ; 101.636;
9 ; 7 ; 8 ; 0.0167233 ; 0.00702486 ; -0.0072468 ; 101.451;
10 ; 7 ; 8 ; 0.0134955 ; 0.00584243 ; 0.00617989 ; 101.519;
11 ; 7 ; 8 ; 0.0124958 ; 0.0113859 ; -0.00708748 ; 101.362;
12 ; 7 ; 8 ; 0.0030805 ; -0.0101501 ; -0.00977622 ; 101.849;
13 ; 7 ; 8 ; -0.00705588 ; -0.00537041 ; -0.00336064 ; 101.714;
4 ; 8 ; 8 ; 2.52845e-05 ; 0.0026106 ; -0.0054845 ; 101.714;
5 ; 8 ; 8 ; 0.000256101 ; -0.000992643 ; 0.000725793 ; 101.376;
6 ; 8 ; 8 ; -0.00657158 ; 0.000441614 ; -0.00414614 ; 101.28;
7 ; 8 ; 8 ; 0.00934342 ; 0.011028 ; -0.00563139 ; 102.126;
8 ; 8 ; 8 ; -0.00242448 ; -0.00156134 ; 0.00876423 ; 101.657;
9 ; 8 ; 8 ; 0.00874064 ; 0.00626306 ; -0.00109221 ; 101.33;
10 ; 8 ; 8 ; 0.00209937 ; 0.00137056 ; 0.00270957 ; 101.274;
11 ; 8 ; 8 ; -0.000141366 ; -0.0138741 ; 0.00493736 ; 101.634;
12 ; 8 ; 8 ; -0.0126844 ; -0.00365267 ; 0.00809519 ; 101.344;
13 ; 8 ; 8 ; -0.00837837 ; 0.0123292 ; -0.0155245 ; 101.539;
4 ; 9 ; 8 ; 0.000763228 ; 0.00668231 ; -0.00133537 ; 100.973;
5 ; 9 ; 8 ; -0.0117267 ; 0.00932405 ; -0.000542102 ; 101.25;
6 ; 9 ; 8 ; 0.000675776 ; 0.00395502 ; 0.008031 ; 101.327;
7 ; 9 ; 8 ; 0.00651245 ; 0.00759663 ; -0.00413624 ; 101.71;
8 ; 9 ; 8 ; 0.00661386 ; -0.00480648 ; 0.00681592 ; 101.735;
9 ; 9 ; 8 ; -0.00262104 ; 0.0199726 ; -0.00159186 ; 101.406;
10 ; 9 ; 8 ; 0.0093211 ; 0.018715 ; -0.000754078 ; 101.783;
11 ; 9 ; 8 ; 0.0146384 ; 0.00164138 ; 0.00897449 ; 101.532;
12 ; 9 ; 8 ; -0.000563642 ; 0.00299101 ; 0.00965612 ; 101.421;
13 ; 9 ; 8 ; 0.0123342 ; 0.00386619 ; 0.00372408 ; 101.323;
4 ; 10 ; 8 ; -0.0078551 ; 0.00218895 ; -0.000924871 ; 101.704;
5 ; 10 ; 8 ; 0.0102059 ; 0.00200382 ; 0.00887711 ; 101.627;
6 ; 10 ; 8 ; 0.0015188 ; 0.0122113 ; -0.00761963 ; 101.595;
7 ; 10 ; 8 ; -0.00881216 ; 0.00671124 ; 0.0161875 ; 101.557;
8 ; 10 ; 8 ; -0.0103496 ; 0.00176802 ; 0.0148828 ; 101.722;
9 ; 10 ; 8 ; -0.00568068 ; -0.0120264 ; -0.000291462 ; 101.977;
10 ; 10 ; 8 ; 0.0120084 ; 0.00281404 ; -0.00444237 ; 101.694;
11 ; 10 ; 8 ; 0.0025896 ; 0.0167301 ; -0.0105432 ; 101.802;
12 ; 10 ; 8 ; 0.0154487 ; 0.00648171 ; -0.00319269 ; 101.624;
13 ; 10 ; 8 ; -0.00825143 ; -0.00449201 ; 0.0137633 ; 101.664;
4 ; 11 ; 8 ; -0.0071923 ; -0.00211622 ; 0.0105183 ; 102.074;
5 ; 11 ; 8 ; -0.00534483 ; -0.0155448 ; -0.00877749 ; 101.478;
6 ; 11 ; 8 ; -0.000560755 ; -0.00106729 ; -0.00179927 ; 101.801;
7 ; 11 ; 8 ; 0.00122733 ; 0.00400832 ; 0.00804039 ; 101.631;
8 ; 11 ; 8 ; 0.0126161 ; -0.0024197 ; 0.000505002 ; 101.615;
9 ; 11 ; 8 ; -0.0153298 ; -0.0105009 ; 0.0117944 ; 101.217;
10 ; 11 ; 8 ; 0.00738923 ; -0.00243013 ; 0.00476014 ; 101.067;
11 ; 11 ; 8 ; 0.00759094 ; -0.0020836 ; 0.00579835 ; 101.51;
12 ; 11 ; 8 ; -0.0030744 ; -0.00711069 ; -0.00125385 ; 101.816;
13 ; 11 ; 8 ; -0.0124207 ; 0.0154222 ; 0.00460243 ; 101.625;
4 ; 12 ; 8 ; 0.00713493 ; 0.00349606 ; 0.00843715 ; 100.794;
5 ; 12 ; 8 ; 0.0042754 ; -0.0114982 ; 0.00352216 ; 101.838;
6 ; 12 ; 8 ; 0.00200794 ; 0.006443 ; -0.000581826 ; 101.686;
7 ; 12 ; 8 ; 0.0146812 ; 0.0123668 ; -0.0111 ; 101.38;
8 ; 12 ; 8 ; 0.000120818 ; -0.00292544 ; -0.00742592 ; 101.576;
9 ; 12 ; 8 ; -0.00485374 ; -0.00813455 ; 0.00853248 ; 101.078;
10 ; 12 ; 8 ; -0.00596611 ; -0.0010049 ; 0.00209286 ; 101.76;
11 ; 12 ; 8 ; -0.00606757 ; 0.00173032 ; 0.000577043 ; 101.516;
12 ; 12 ; 8 ; 0.00522235 ; 0.0122936 ; 0.00116679 ; 101.928;
13 ; 12 ; 8 ; -0.0088747 ; 0.00741888 ; 0.000971162 ; 101.241;
4 ; 13 ; 8 ; 0.00238387 ; 0.00138357 ; 0.00688473 ; 101.84;
5 ; 13 ; 8 ; -0.00856178 ; 0.00853299 ; 0.0119784 ; 101.286;
6 ; 13 ; 8 ; 0.00134217 ; -0.00464156 ; 0.0014421 ; 101.705;
7 ; 13 ; 8 ; -0.00384871 ; 0.00499225 ; 0.0156078 ; 101.737;
8 ; 13 ; 8 ; -0.00213876 ; 0.00749902 ; -0.0052594 ; 101.239;
9 ; 13 ; 8 ; -0.000349689 ; -0.00891976 ; -0.00160558 ; 101.461;
10 ; 13 ; 8 ; 0.0171286 ; -0.0198895 ; 0.00178517 ; 102.029;
11 ; 13 ; 8 ; 0.00803217 ; -0.00723185 ; -0.000247568 ; 101.828;
12 ; 13 ; 8 ; 0.0107455 ; 0.0105566 ; -0.0040185 ; 101.924;
13 ; 13 ; 8 ; 0.00394699 ; 0.00942031 ; -0.00122494 ; 101.391;
4 ; 4 ; 9 ; 0.0153368 ; 0.0179795 ; 0.000192649 ; 101.65;
5 ; 4 ; 9 ; 0.00185444 ; 0.0159055 ; 0.00224576 ; 101.974;
6 ; 4 ; 9 ; 0.00414698 ; 0.00578005 ; 0.000448004 ; 101.384;
7 ; 4 ; 9 ; 0.00161541 ; 0.00631689 ; 0.00505219 ; 101.799;
8 ; 4 ; 9 ; 0.00445502 ; 0.00519184 ; 0.00330073 ; 101.912;
9 ; 4 ; 9 ; -0.00578538 ; -0.00442853 ; 0.00784315 ; 101.729;
10 ; 4 ; 9 ; -0.00429736 ; -0.0189177 ; -0.0187195 ; 101.746;
11 ; 4 ; 9 ; -0.00358296 ; -0.00129207 ; -0.0162041 ; 101.884;
12 ; 4 ; 9 ; 0.0186572 ; -0.00877588 ; 0.00368142 ; 101.622;
13 ; 4 ; 9 ; 0.00365416 ; -0.0053803 ; -0.00459631 ; 101.497;
4 ; 5 ; 9 ; -0.0158543 ; 0.000694922 ; 0.0133821 ; 102.056;
5 ; 5 ; 9 ; -0.00868433 ; 0.0108335 ; 0.000416998 ; 101.517;
6 ; 5 ; 9 ; 0.00661933 ; 0.011499 ; 0.00317609 ; 101.808;
7 ; 5 ; 9 ; 0.0073979 ; 0.0127276 ; 0.0140987 ; 101.316;
8 ; 5 ; 9 ; 0.00339046 ; 0.0149924 ; 0.0107592 ; 101.349;
9 ; 5 ; 9 ; 0.00130424 ; 0.00122983 ; 0.00463719 ; 101.86;
10 ; 5 ; 9 ; 0.00754975 ; 0.0141961 ; -0.000953807 ; 101.704;
11 ; 5 ; 9 ; 0.00750237 ; 0.000590168 ; 0.0130307 ; 101.376;
12 ; 5 ; 9 ; -0.00231633 ; 0.0126931 ; -0.0130998 ; 101.427;
13 ; 5 ; 9 ; -0.00805708 ; 0.00713852 ; 0.00770112 ; 101.085;
4 ; 6 ; 9 ; -0.00773163 ; 0.00480512 ; -0.00636432 ; 101.866;
5 ; 6 ; 9 ; -0.00367283 ; -0.0106162 ; -0.00419349 ; 101.671;
6 ; 6 ; 9 ; -0.0135885 ; -0.0070322 ; -0.00426453 ; 101.716;
7 ; 6 ; 9 ; -0.00234863 ; -0.000311619 ; 0.0153502 ; 101.643;
8 ; 6 ; 9 ; 0.0154101 ; 0.000466325 ; -0.0100399 ; 101.732;
9 ; 6 ; 9 ; 0.0187142 ; -0.00882518 ; -0.00153993 ; 101.665;
10 ; 6 ; 9 ; -0.00419678 ; -0.00922354 ; -0.00937181 ; 101.592;
11 ; 6 ; 9 ; 0.00128171 ; -0.0037977 ; -0.0149018 ; 100.865;
12 ; 6 ; 9 ; -0.00123429 ; 0.00759078 ; 0.00460087 ; 101.981;
13 ; 6 ; 9 ; -0.00607823 ; 0.00896696 ; 0.00341418 ; 101.994;
4 ; 7 ; 9 ; 0.000913509 ; 0.006737 ; -0.00749469 ; 101.809;
5 ; 7 ; 9 ; -0.00605863 ; -0.0149173 ; 0.00467497 ; 100.974;
6 ; 7 ; 9 ; -0.00263063 ; 0.00869738 ; -0.00410126 ; 101.096;
7 ; 7 ; 9 ; 0.00760149 ; -0.00104738 ; -0.00598481 ; 101.913;
8 ; 7 ; 9 ; 0.011697 ; 0.00494062 ; 0.00450044 ; 101.832;
9 ; 7 ; 9 ; 0.0184237 ; -0.00499746 ; -0.00686867 ; 101.725;
10 ; 7 ; 9 ; 0.0191189 ; -0.00572383 ; -0.000824504 ; 101.506;
11 ; 7 ; 9 ; -0.000996076 ; -0.0107375 ; -0.0122952 ; 101.255;
12 ; 7 ; 9 ; -0.00494644 ; -0.00735007 ; 0.00479941 ; 101.973;
13 ; 7 ; 9 ; 0.00445433 ; -0.00947936 ; -0.00681987 ; 101.459;
4 ; 8 ; 9 ; -0.000486026 ; -0.00263161 ; 0.00240635 ; 101.437;
5 ; 8 ; 9 ; 0.00980292 ; -0.00429178 ; -0.0132955 ; 101.7;
6 ; 8 ; 9 ; -0.0056585 ; 0.0023603 ; 0.00321959 ; 101.259;
7 ; 8 ; 9 ; 0.00777054 ; 0.0105952 ; -0.0139267 ; 101.974;
8 ; 8 ; 9 ; 0.00241151 ; -0.0102313 ; 0.0144847 ; 101.772;
9 ; 8 ; 9 ; -0.00716226 ; 0.00300967 ; -0.00265043 ; 101.542;
10 ; 8 ; 9 ; -0.00106343 ; 0.00828801 ; -0.00145129 ; 102.039;
11 ; 8 ; 9 ; -0.0058569 ; 0.00117397 ; 0.00400638 ; 101.381;
12 ; 8 ; 9 ; 0.0127383 ; 0.0140559 ; -0.00669723 ; 101.083;
13 ; 8 ; 9 ; 0.0111157 ; 0.00451185 ; -0.00352987 ; 101.222;
4 ; 9 ; 9 ; 0.00343857 ; 0.00930839 ; 0.00622862 ; 102.069;
5 ; 9 ; 9 ; 0.00272277 ; 0.00707047 ; 0.000225783 ; 101.786;
6 ; 9 ; 9 ; 0.00746976 ; 0.00553485 ; -0.0202144 ; 101.422;
7 ; 9 ; 9 ; 0.00422367 ; 0.0033077 ; -0.00890938 ; 101.615;
8 ; 9 ; 9 ; -0.00340837 ; -0.0118213 ; -0.00604169 ; 101.503;
9 ; 9 ; 9 ; -0.0079797 ; -0.00863842 ; -0.00716144 ; 101.188;
10 ; 9 ; 9 ; -0.00830583 ; -0.0127682 ; 0.00358705 ; 101.665;
11 ; 9 ; 9 ; 0.00713843 ; -0.00985045 ; -0.00806741 ; 101.418;
12 ; 9 ; 9 ; 0.00491466 ; 0.00441207 ; 0.0108163 ; 101.233;
13 ; 9 ; 9 ; -0.00289383 ; -0.00623565 ; -0.00287442 ; 101.23;
4 ; 10 ; 9 ; -0.00455018 ; 0.00372028 ; -0.00383879 ; 101.66;
5 ; 10 ; 9 ; 0.00415306 ; 0.000577426 ; 0.0131474 ; 101.778;
6 ; 10 ; 9 ; -0.00124326 ; -0.000270103 ; 0.00186377 ; 101.585;
7 ; 10 ; 9 ; 0.0011235 ; 0.002995 ; 0.00225323 ; 101.605;
8 ; 10 ; 9 ; 0.00058069 ; 0.00728792 ; -0.00531929 ; 101.42;
9 ; 10 ; 9 ; -0.0121336 ; -0.00615254 ; -0.00794192 ; 101.534;
10 ; 10 ; 9 ; -0.00204171 ; 0.00603463 ; -0.0130879 ; 101.64;
11 ; 10 ; 9 ; -0.0153544 ; -0.00489189 ; -0.008527 ; 101.707;
12 ; 10 ; 9 ; -0.0047919 ; 0.0109945 ; -0.000857687 ; 101.964;
13 ; 10 ; 9 ; -0.0111259 ; -0.0148558 ; -0.00301564 ; 101.658;
4 ; 11 ; 9 ; -0.0016473 ; 0.00142331 ; -0.00592433 ; 101.48;
5 ; 11 ; 9 ; 0.00546712 ; 0.00142494 ; 0.0189944 ; 101.243;
6 ; 11 ; 9 ; -0.000180061 ; 0.00106012 ; 0.00926388 ; 101.611;
7 ; 11 ; 9 ; 0.00277557 ; -0.00698358 ; -0.013361 ; 101.602;
8 ; 11 ; 9 ; 0.00215081 ; 0.00374735 ; -0.0016058 ; 101.604;
9 ; 11 ; 9 ; -0.00256737 ; -0.00021202 ; -0.00262321 ; 101.109;
10 ; 11 ; 9 ; 0.00294108 ; 0.0114163 ; -0.000665953 ; 102.247;
11 ; 11 ; 9 ; 0.00842287 ; 0.000513275 ; -0.0103195 ; 101.813;
12 ; 11 ; 9 ; 0.00553071 ; -0.00179662 ; -0.00669535 ; 101.614;
13 ; 11 ; 9 ; -0.00100171 ; 0.000629494 ; 0.00240367 ; 101.151;
4 ; 12 ; 9 ; 0.00747356 ; 0.00520488 ; -0.005989 ; 101.372;
5 ; 12 ; 9 ; -0.000911934 ; -0.00853153 ; 0.00540772 ; 101.704;
6 ; 12 ; 9 ; -0.00744289 ; -0.00832312 ; 0.0137093 ; 101.689;
7 ; 12 ; 9 ; 0.000177719 ; -0.00772861 ; -0.0115139 ; 101.876;
8 ; 12 ; 9 ; 0.00260558 ; -0.0151214 ; 0.00785229 ; 101.8;
9 ; 12 ; 9 ; -0.00246743 ; -0.00639951 ; -1.89504e-05 ; 101.168;
10 ; 12 ; 9 ; 0.000846366 ; 0.00164669 ; 0.0161302 ; 101.896;
11 ; 12 ; 9 ; 0.0053123 ; -0.00621025 ; -0.0068137 ; 101.55;
12 ; 12 ; 9 ; -0.00943022 ; 0.00333714 ; -0.00534286 ; 101.448;
13 ; 12 ; 9 ; 0.00264317 ; -0.00669273 ; -0.00190794 ; 101.172;
4 ; 13 ; 9 ; 0.00652378 ; -0.00558146 ; 0.0115196 ; 101.583;
5 ; 13 ; 9 ; -0.010686 ; -0.012314 ; 0.00618752 ; 101.706;
6 ; 13 ; 9 ; 0.00375102 ; -0.000191436 ; -0.0103894 ; 101.71;
7 ; 13 ; 9 ; -0.00279775 ; -0.00159804 ; 0.000388465 ; 101.924;
8 ; 13 ; 9 ; 0.00433709 ; 0.00449355 ; -0.00466393 ; 102.021;
9 ; 13 ; 9 ; -0.00897141 ; -0.0065211 ; -0.0151496 ; 101.565;
10 ; 13 ; 9 ; 0.00631196 ; 0.00572933 ; -0.0138649 ; 101.707;
11 ; 13 ; 9 ; 0.00175877 ; -0.00499617 ; -0.0118362 ; 102;
12 ; 13 ; 9 ; -0.00328096 ; 0.00507092 ; -0.0254866 ; 101.694;
13 ; 13 ; 9 ; -0.0085723 ; -0.00124571 ; 0.00535852 ; 101.731;
4 ; 4 ; 10 ; -0.00493705 ; -0.00897724 ; 0.00233766 ; 101.533;
5 ; 4 ; 10 ; -0.00075167 ; 0.0111157 ; 0.0024577 ; 101.52;
6 ; 4 ; 10 ; 4.12601e-05 ; 0.00594406 ; -0.00618013 ; 101.236;
7 ; 4 ; 10 ; 0.014092 ; -0.0221928 ; -0.000773765 ; 101.694;
8 ; 4 ; 10 ; -0.00261997 ; 0.00451246 ; 0.00173259 ; 101.02;
9 ; 4 ; 10 ; -0.0053846 ; -0.00377139 ; -0.00892798 ; 101.208;
10 ; 4 ; 10 ; -0.0055171 ; -0.00887888 ; -0.00789285 ; 101.487;
11 ; 4 ; 10 ; 0.0203251 ; -0.00246444 ; 0.00625982 ; 101.817;
12 ; 4 ; 10 ; 0.00468512 ; 0.00740378 ; 0.00746019 ; 101.308;
13 ; 4 ; 10 ; 0.00935645 ; 0.00800084 ; 0.00710341 ; 101.816;
4 ; 5 ; 10 ; 0.00157632 ; -0.00100779 ; -0.00479551 ; 101.68;
5 ; 5 ; 10 ; -0.00472367 ; -0.0142414 ; 0.00727958 ; 101.786;
6 ; 5 ; 10 ; -0.00687967 ; 0.00986978 ; 0.00760951 ; 101.859;
7 ; 5 ; 10 ; -0.00627795 ; -0.00766065 ; 0.0106874 ; 101.516;
8 ; 5 ; 10 ; -0.00130244 ; -0.00585801 ; 0.00501461 ; 102.187;
9 ; 5 ; 10 ; -0.00838228 ; 0.00158234 ; 0.00735262 ; 101.204;
10 ; 5 ; 10 ; 0.000190237 ; -0.00618828 ; -0.0119236 ; 101.536;
11 ; 5 ; 10 ; 0.0060685 ; 0.00958191 ; 0.00487745 ; 101.503;
12 ; 5 ; 10 ; -0.0155928 ; 0.00763396 ; -0.00822464 ; 101.468;
13 ; 5 ; 10 ; -0.00814562 ; -0.000900872 ; -0.000244638 ; 101.924;
4 ; 6 ; 10 ; -0.00730533 ; 0.00962269 ; -0.00497754 ; 101.742;
5 ; 6 ; 10 ; 0.00430288 ; -0.0159237 ; -0.000713676 ; 101.348;
6 ; 6 ; 10 ; 0.000979637 ; 0.00533216 ; -0.00288226 ; 101.528;
7 ; 6 ; 10 ; 0.00812968 ; -0.00683893 ; 0.00214363 ; 101.557;
8 ; 6 ; 10 ; -0.0019289 ; -0.00177717 ; 0.0115238 ; 101.369;
9 ; 6 ; 10 ; 0.00153041 ; 0.0030193 ; 0.00548002 ; 102.415;
10 ; 6 ; 10 ; -0.0045523 ; -0.00923887 ; 0.0052931 ; 101.878;
11 ; 6 ; 10 ; 0.00477272 ; -0.0071737 ; 0.0188335 ; 101.858;
12 ; 6 ; 10 ; -0.00101052 ; 0.00156132 ; -0.0147806 ; 102.059;
13 ; 6 ; 10 ; -0.00577461 ; -0.00112199 ; -0.0014546 ; 101.783;
4 ; 7 ; 10 ; -0.00186687 ; 0.00210256 ; 0.0121775 ; 101.41;
5 ; 7 ; 10 ; 0.00057407 ; -0.00917159 ; -0.00129236 ; 102.014;
6 ; 7 ; 10 ; 0.00388835 ; -0.00181564 ; 0.0199014 ; 101.726;
7 ; 7 ; 10 ; -0.00877194 ; 0.00542552 ; -0.0120996 ; 101.687;
8 ; 7 ; 10 ; 0.00208945 ; -0.00665417 ; 0.0111105 ; 101.532;
9 ; 7 ; 10 ; -0.00086531 ; 0.00810455 ; 0.00527204 ; 101.3;
10 ; 7 ; 10 ; -0.0124127 ; -0.00702644 ; -0.00442389 ; 101.36;
11 ; 7 ; 10 ; 0.00106085 ; 0.0124354 ; 0.00210668 ; 101.681;
12 ; 7 ; 10 ; 0.00813913 ; 0.00842328 ; -0.0117108 ; 101.268;
13 ; 7 ; 10 ; -0.000493027 ; -0.00419931 ; -0.00784886 ; 101.567;
4 ; 8 ; 10 ; 0.00431586 ; -0.00360289 ; 0.00141248 ; 101.466;
5 ; 8 ; 10 ; 0.00218662 ; -0.00108652 ; -0.00217621 ; 101.795;
6 ; 8 ; 10 ; 0.00913532 ; -0.00936252 ; -0.00704428 ; 101.686;
7 ; 8 ; 10 ; -0.00290597 ; 0.00901606 ; -0.00583584 ; 100.955;
8 ; 8 ; 10 ; 0.00345987 ; -0.0130679 ; -0.0107249 ; 101.155;
9 ; 8 ; 10 ; 0.0157847 ; -0.00466993 ; 0.000484624 ; 101.691;
10 ; 8 ; 10 ; 0.00652589 ; 0.00942334 ; -0.0055363 ; 101.443;
11 ; 8 ; 10 ; -0.00531696 ; -0.0070345 ; 0.00606928 ; 101.548;
12 ; 8 ; 10 ; 0.00149713 ; 0.000708778 ; 0.00357171 ; 101.426;
13 ; 8 ; 10 ; -0.013336 ; 0.00773746 ; 0.0108874 ; 101.489;
4 ; 9 ; 10 ; 0.00559451 ; 0.0112485 ; -0.0136253 ; 101.364;
5 ; 9 ; 10 ; 0.00937964 ; 0.0109814 ; 0.00540944 ; 101.728;
6 ; 9 ; 10 ; 0.0104328 ; -0.000831658 ; -0.00154922 ; 101.362;
7 ; 9 ; 10 ; -0.00362346 ; -0.00130843 ; 0.00295418 ; 101.337;
8 ; 9 ; 10 ; 0.00622117 ; 0.0109584 ; 0.0120782 ; 101.748;
9 ; 9 ; 10 ; 0.00286162 ; 0.00179067 ; 0.00784862 ; 101.703;
10 ; 9 ; 10 ; -0.00670396 ; -0.00584696 ; -0.000298522 ; 101.344;
11 ; 9 ; 10 ; -0.00436181 ; 0.00787848 ; 0.00531064 ; 101.467;
12 ; 9 ; 10 ; 0.0134415 ; -0.00329244 ; 0.00103094 ; 101.955;
13 ; 9 ; 10 ; 0.00175797 ; -0.000636361 ; -0.00481708 ; 101.405;
4 ; 10 ; 10 ; -0.000755182 ; 0.00152872 ; 0.00397552 ; 101.594;
5 ; 10 ; 10 ; -0.00707456 ; 0.0203203 ; 0.00821758 ; 101.897;
6 ; 10 ; 10 ; -0.00342589 ; -0.00322307 ; -0.00138163 ; 101.395;
7 ; 10 ; 10 ; 0.00504385 ; -0.00367489 ; -0.000714254 ; 102.309;
8 ; 10 ; 10 ; 0.0101913 ; -0.00108514 ; -0.00196514 ; 101.402;
9 ; 10 ; 10 ; 0.00784569 ; 0.00276714 ; -0.0130012 ; 102.127;
10 ; 10 ; 10 ; 0.0123558 ; 0.00644811 ; 0.00151203 ; 101.972;
11 ; 10 ; 10 ; 0.00307807 ; 0.00450165 ; -0.00558839 ; 101.368;
12 ; 10 ; 10 ; -0.0148095 ; -0.0041017 ; 0.00110333 ; 101.081;
13 ; 10 ; 10 ; -0.00429254 ; -0.014614 ; -0.00159744 ; 101.988;
4 ; 11 ; 10 ; 0.00252876 ; 0.00242666 ; 0.00559487 ; 101.355;
5 ; 11 ; 10 ; -0.0105923 ; -0.00259137 ; -0.00469882 ; 101.433;
6 ; 11 ; 10 ; -0.00734247 ; -0.00536891 ; 0.00736846 ; 101.485;
7 ; 11 ; 10 ; -0.0125721 ; 0.0106644 ; -0.0108538 ; 101.664;
8 ; 11 ; 10 ; -0.00801494 ; 0.008536 ; 0.0133844 ; 101.666;
9 ; 11 ; 10 ; -0.00540354 ; -0.00344257 ; 0.00169949 ; 101.245;
10 ; 11 ; 10 ; -0.000253439 ; 0.000649687 ; 0.00270094 ; 101.519;
11 ; 11 ; 10 ; 0.00334188 ; 0.0150731 ; 0.00287717 ; 101.512;
12 ; 11 ; 10 ; 0.0151491 ; -0.00394797 ; -0.00587073 ; 101.667;
13 ; 11 ; 10 ; 0.00629464 ; 0.000261251 ; -0.00177468 ; 102.14;
4 ; 12 ; 10 ; -0.00792947 ; 0.00541592 ; 0.00330338 ; 101.505;
5 ; 12 ; 10 ; -0.00875218 ; 0.00284315 ; -0.00133272 ; 101.497;
6 ; 12 ; 10 ; 0.0125333 ; 0.00918639 ; -0.00850953 ; 101.552;
7 ; 12 ; 10 ; 0.00353771 ; 0.0052412 ; 0.00405944 ; 101.591;
8 ; 12 ; 10 ; 0.0114927 ; 0.00304545 ; 0.00196038 ; 102.16;
9 ; 12 ; 10 ; 0.00692368 ; -0.0134916 ; -0.00438753 ; 101.278;
10 ; 12 ; 10 ; 0.00326606 ; -0.01165 ; 0.0284012 ; 101.506;
11 ; 12 ; 10 ; 0.00853804 ; -0.0107785 ; -0.00449314 ; 101.822;
12 ; 12 ; 10 ; -0.000598384 ; 0.0127639 ; 0.010265 ; 101.779;
13 ; 12 ; 10 ; -0.00383839 ; 0.00324748 ; -0.0115196 ; 101.98;
4 ; 13 ; 10 ; 0.0160636 ; 0.00391996 ; -0.00188841 ; 102.052;
5 ; 13 ; 10 ; 0.00532538 ; -0.0218829 ; -0.00315466 ; 101.163;
6 ; 13 ; 10 ; 0.00211964 ; 0.00578225 ; 0.00810707 ; 101.835;
7 ; 13 ; 10 ; 0.00294732 ; -0.00518187 ; -0.000911546 ; 102.174;
8 ; 13 ; 10 ; 0.00973881 ; -0.0075473 ; 0.000495225 ; 101.401;
9 ; 13 ; 10 ; -0.00399372 ; -0.0123478 ; 0.00757365 ; 102.08;
10 ; 13 ; 10 ; 0.0172767 ; -0.01156 ; 0.00719343 ; 102.01;
11 ; 13 ; 10 ; -0.00473434 ; -0.0092947 ; -0.00661819 ; 101.601;
12 ; 13 ; 10 ; -0.0175482 ; -0.00200878 ; -0.00746516 ; 101.806;
13 ; 13 ; 10 ; -0.0140029 ; 0.00732305 ; 0.00358331 ; 101.47;
4 ; 4 ; 11 ; 0.0070865 ; 0.0062651 ; -0.000701736 ; 101.605;
5 ; 4 ; 11 ; -0.00170749 ; -0.00137198 ; 0.001071 ; 100.642;
6 ; 4 ; 11 ; -0.00870481 ; 0.00641532 ; -0.0195268 ; 101.84;
7 ; 4 ; 11 ; 0.0019881 ; -0.00532699 ; 0.0118433 ; 101.589;
8 ; 4 ; 11 ; 0.0030615 ; 0.0122978 ; 0.0163982 ; 101.5;
9 ; 4 ; 11 ; -0.00382871 ; -0.00213061 ; 0.00141402 ; 101.657;
10 ; 4 ; 11 ; -0.0116721 ; 0.000293231 ; -0.00351627 ; 101.447;
11 ; 4 ; 11 ; 0.00992963 ; -0.00358057 ; 0.00259783 ; 101.662;
12 ; 4 ; 11 ; -0.00326267 ; 0.00460515 ; -0.000246649 ; 101.32;
13 ; 4 ; 11 ; -0.00446375 ; 0.00252344 ; 0.00101838 ; 101.379;
4 ; 5 ; 11 ; -0.00803393 ; 0.010196 ; -0.00411168 ; 101.642;
5 ; 5 ; 11 ; -0.000812021 ; 0.00417668 ; 0.00267114 ; 101.682;
6 ; 5 ; 11 ; 0.00417847 ; 0.00298142 ; 0.00530981 ; 101.458;
7 ; 5 ; 11 ; -0.00122938 ; -0.00553512 ; 0.00136151 ; 101.386;
8 ; 5 ; 11 ; 0.00504329 ; -0.00504876 ; 0.0132055 ; 101.6;
9 ; 5 ; 11 ; 0.00245008 ; -0.00527929 ; 0.00855066 ; 101.657;
10 ; 5 ; 11 ; -0.0104423 ; 0.00547652 ; 0.00108633 ; 101.652;
11 ; 5 ; 11 ; -0.0152252 ; 0.00519306 ; 0.00562529 ; 101.117;
12 ; 5 ; 11 ; -0.0140443 ; 0.0109532 ; 0.00475519 ; 101.881;
13 ; 5 ; 11 ; 0.00624948 ; 0.00496641 ; -0.00665328 ; 101.703;
4 ; 6 ; 11 ; -0.003618 ; -0.00542123 ; -0.00672953 ; 101.874;
5 ; 6 ; 11 ; 0.00625862 ; -0.00398066 ; -0.0111638 ; 101.347;
6 ; 6 ; 11 ; -0.00222151 ; 0.0121871 ; 0.00117891 ; 101.74;
7 ; 6 ; 11 ; -0.000950398 ; -0.00451776 ; 0.00482318 ; 101.493;
8 ; 6 ; 11 ; 0.00301699 ; -0.00727359 ; 0.0142959 ; 101.519;
9 ; 6 ; 11 ; -0.00697378 ; -0.00392398 ; -0.0052884 ; 101.452;
10 ; 6 ; 11 ; -0.00365398 ; 0.00117883 ; -0.000559418 ; 101.952;
11 ; 6 ; 11 ; 0.0035511 ; 0.00897883 ; 0.00238711 ; 101.141;
12 ; 6 ; 11 ; 0.00254976 ; 0.00504127 ; -0.00314393 ; 101.917;
13 ; 6 ; 11 ; -0.00413588 ; 0.000182888 ; 0.000632174 ; 101.791;
4 ; 7 ; 11 ; -0.00257436 ; 0.00129088 ; 9.2328e-05 ; 102.177;
5 ; 7 ; 11 ; -0.000923258 ; 9.6576e-05 ; -0.00179745 ; 101.348;
6 ; 7 ; 11 ; -0.00149257 ; 0.00615803 ; 0.00314582 ; 102.271;
7 ; 7 ; 11 ; 0.0149865 ; -0.00046054 ; -0.0142113 ; 102.142;
8 ; 7 ; 11 ; -0.00190287 ; 0.000862338 ; 0.00276166 ; 101.367;
9 ; 7 ; 11 ; -0.00109667 ; 0.00718493 ; 0.00516157 ; 101.445;
10 ; 7 ; 11 ; -0.00412506 ; 0.0107945 ; 0.00600948 ; 102.005;
11 ; 7 ; 11 ; 0.0241622 ; -0.00235238 ; 0.0107537 ; 101.559;
12 ; 7 ; 11 ; 0.0171675 ; 0.0096573 ; 0.00442789 ; 101.743;
13 ; 7 ; 11 ; -0.00148287 ; 0.00236907 ; -0.00904501 ; 101.686;
4 ; 8 ; 11 ; 0.015394 ; -0.00853578 ; 0.000430896 ; 100.926;
5 ; 8 ; 11 ; 0.00106763 ; 0.00323388 ; -0.00414559 ; 101.834;
6 ; 8 ; 11 ; 0.00586844 ; 0.00653766 ; -0.00302551 ; 101.054;
7 ; 8 ; 11 ; 0.0112458 ; 0.00452269 ; -0.00848521 ; 101.626;
8 ; 8 ; 11 ; 0.00809928 ; -0.00492872 ; 0.00326773 ; 101.706;
9 ; 8 ; 11 ; 0.0125248 ; 0.00488464 ; -0.00627274 ; 101.233;
10 ; 8 ; 11 ; 0.00751466 ; 0.0137214 ; 0.00795473 ; 101.611;
11 ; 8 ; 11 ; -0.00323241 ; 0.00219166 ; 0.00644426 ; 101.649;
12 ; 8 ; 11 ; 0.00294421 ; 0.00486198 ; 0.00387525 ; 101.57;
13 ; 8 ; 11 ; 0.00143736 ; 0.000412 ; 0.0160246 ; 101.924;
4 ; 9 ; 11 ; 0.0125456 ; -0.00606139 ; -0.00504262 ; 101.75;
5 ; 9 ; 11 ; -0.00232104 ; 0.0128784 ; -0.00106793 ; 101.54;
6 ; 9 ; 11 ; 0.0026721 ; 0.00832043 ; -0.00411225 ; 102.003;
7 ; 9 ; 11 ; -0.000652388 ; 0.00028344 ; -0.00716694 ; 102.393;
8 ; 9 ; 11 ; 0.0142019 ; 0.0010058 ; 0.00180704 ; 101.254;
9 ; 9 ; 11 ; 0.00866903 ; 0.000261905 ; -0.00370458 ; 101.158;
10 ; 9 ; 11 ; 0.00105736 ; -0.00794649 ; -0.00383549 ; 101.898;
11 ; 9 ; 11 ; -0.00921745 ; 0.00460002 ; 0.0119941 ; 101.687;
12 ; 9 ; 11 ; 0.00575622 ; 0.00887442 ; 0.0181173 ; 101.014;
13 ; 9 ; 11 ; -0.00902388 ; -0.00636093 ; 0.00476805 ; 101.905;
4 ; 10 ; 11 ; -0.00759041 ; 0.00298496 ; 0.00949623 ; 101.581;
5 ; 10 ; 11 ; 0.0144819 ; -0.000205172 ; -0.0017062 ; 101.498;
6 ; 10 ; 11 ; 0.00686633 ; -0.00905839 ; -0.00272969 ; 101.227;
7 ; 10 ; 11 ; -0.00694748 ; 0.00294306 ; -0.00829918 ; 101.239;
8 ; 10 ; 11 ; -0.000971889 ; 0.00844036 ; 0.01423 ; 102.065;
9 ; 10 ; 11 ; 0.000787984 ; -0.00923491 ; -0.00526165 ; 101.947;
10 ; 10 ; 11 ; 0.00368594 ; -0.00496674 ; 0.00316064 ; 101.691;
11 ; 10 ; 11 ; 0.00478064 ; -0.0075413 ; -0.00190295 ; 102.089;
12 ; 10 ; 11 ; 0.00584371 ; -0.000519084 ; 0.00175043 ; 101.721;
13 ; 10 ; 11 ; -0.00410174 ; -0.0100954 ; -0.00639492 ; 101.911;
4 ; 11 ; 11 ; 0.00607278 ; -0.0068732 ; -0.0103557 ; 101.367;
5 ; 11 ; 11 ; -0.0119513 ; -0.00785634 ; -0.00283478 ; 101.825;
6 ; 11 ; 11 ; -0.0019252 ; 0.00868957 ; -0.00617409 ; 102.012;
7 ; 11 ; 11 ; -0.00302203 ; 0.00659902 ; 0.00420695 ; 101.729;
8 ; 11 ; 11 ; 0.00240958 ; -0.000949407 ; 0.0151386 ; 101.791;
9 ; 11 ; 11 ; 0.0064431 ; -0.00205953 ; 0.00220951 ; 101.648;
10 ; 11 ; 11 ; -0.0046771 ; -0.00889954 ; 0.0140096 ; 101.75;
11 ; 11 ; 11 ; 0.00539851 ; 0.00334567 ; 0.00248642 ; 102.145;
12 ; 11 ; 11 ; -0.00331352 ; -0.00274611 ; 0.00776207 ; 101.096;
13 ; 11 ; 11 ; 0.00376503 ; -0.000374945 ; -0.00571577 ; 101.928;
4 ; 12 ; 11 ; -0.00233552 ; 0.000621184 ; -0.00492356 ; 102.152;
5 ; 12 ; 11 ; -0.0115355 ; -0.0108552 ; 0.00193878 ; 101.845;
6 ; 12 ; 11 ; 0.0012735 ; 0.00421155 ; 0.000318021 ; 101.427;
7 ; 12 ; 11 ; 0.00942275 ; 0.0141438 ; 0.0112102 ; 101.618;
8 ; 12 ; 11 ; 0.0102875 ; 0.00489689 ; -0.0136206 ; 101.214;
9 ; 12 ; 11 ; 0.00714568 ; -0.0127292 ; -0.009824 ; 101.753;
10 ; 12 ; 11 ; 0.00621474 ; -0.0112881 ; -0.0033614 ; 101.096;
11 ; 12 ; 11 ; -0.00159929 ; 0.0142386 ; -0.00626145 ; 101.87;
12 ; 12 ; 11 ; -0.0100272 ; -0.0115245 ; 0.00347841 ; 101.418;
13 ; 12 ; 11 ; -0.0109633 ; -0.00675971 ; -0.00492315 ; 101.315;
4 ; 13 ; 11 ; 0.00364257 ; 0.0215962 ; -0.00395718 ; 101.506;
5 ; 13 ; 11 ; 0.00449234 ; 0.00882061 ; 0.0123991 ; 101.891;
6 ; 13 ; 11 ; 0.002937 ; 0.00659306 ; 0.00464779 ; 101.628;
7 ; 13 ; 11 ; 0.0129601 ; -0.0025235 ; -0.00910577 ; 101.687;
8 ; 13 ; 11 ; 0.00610367 ; 0.00964364 ; -0.00698829 ; 101.733;
9 ; 13 ; 11 ; -0.00192613 ; 0.00516955 ; 0.00111217 ; 102.05;
10 ; 13 ; 11 ; 0.00154698 ; -0.00171261 ; 0.00333143 ; 101.734;
11 ; 13 ; 11 ; 0.00425292 ; -0.00915229 ; -0.00206318 ; 101.28;
12 ; 13 ; 11 ; -0.000385081 ; 0.0101979 ; 0.0016504 ; 101.234;
13 ; 13 ; 11 ; 0.00987131 ; -0.00749699 ; -0.0129836 ; 101.82;
4 ; 4 ; 12 ; 0.00536188 ; -0.00637477 ; -0.0185707 ; 101.383;
5 ; 4 ; 12 ; -0.0161079 ; 0.00923731 ; -0.0131594 ; 101.606;
6 ; 4 ; 12 ; -0.00472829 ; 0.00961656 ; 0.00259207 ; 101.344;
7 ; 4 ; 12 ; -0.00721871 ; -0.000117491 ; 0.0163589 ; 101.717;
8 ; 4 ; 12 ; 0.00799471 ; 0.00111548 ; 0.0192304 ; 101.399;
9 ; 4 ; 12 ; -0.00441484 ; -0.00465971 ; -0.0100604 ; 101.33;
10 ; 4 ; 12 ; -0.00842547 ; -0.00303671 ; -0.0196205 ; 101.626;
11 ; 4 ; 12 ; -0.00658593 ; -0.00817026 ; 0.00120592 ; 101.723;
12 ; 4 ; 12 ; 0.00164928 ; -0.003447 ; -0.0101342 ; 101.504;
13 ; 4 ; 12 ; 0.00496809 ; -0.00429107 ; 0.0103279 ; 101.489;
4 ; 5 ; 12 ; 0.00366402 ; -0.00340937 ; -0.00805995 ; 101.477;
5 ; 5 ; 12 ; -0.00807949 ; -0.00158352 ; 0.00354375 ; 101.482;
6 ; 5 ; 12 ; 0.00835968 ; -0.00770361 ; -0.000498249 ; 101.744;
7 ; 5 ; 12 ; 0.0021337 ; -0.00676983 ; 0.00458333 ; 101.565;
8 ; 5 ; 12 ; -0.00122136 ; -0.0016747 ; 0.00756054 ; 101.45;
9 ; 5 ; 12 ; 0.015859 ; 0.00447879 ; -0.0118513 ; 101.303;
10 ; 5 ; 12 ; -0.0042338 ; -0.00588021 ; 0.00218345 ; 101.658;
11 ; 5 ; 12 ; 0.000747111 ; -0.00227415 ; -0.00633609 ; 101.762;
12 ; 5 ; 12 ; 0.00568669 ; 0.00689072 ; -0.00644558 ; 101.041;
13 ; 5 ; 12 ; 0.00817341 ; 0.00512293 ; -0.00619668 ; 101.087;
4 ; 6 ; 12 ; -0.00843588 ; 0.00276459 ; 0.0109446 ; 101.565;
5 ; 6 ; 12 ; 0.00543088 ; -0.00179631 ; -0.0161809 ; 101.46;
6 ; 6 ; 12 ; 0.0109397 ; -0.0116435 ; 0.00120858 ; 101.508;
7 ; 6 ; 12 ; -0.00497094 ; 0.0123477 ; -0.0104792 ; 101.975;
8 ; 6 ; 12 ; 0.00457889 ; -0.00529967 ; 0.0106688 ; 101.413;
9 ; 6 ; 12 ; 0.000277456 ; 0.00634344 ; 0.00353722 ; 101.972;
10 ; 6 ; 12 ; -0.0089218 ; 0.0121214 ; 0.00752167 ; 101.338;
11 ; 6 ; 12 ; 0.00158429 ; -0.00561452 ; -0.00435599 ; 101.664;
12 ; 6 ; 12 ; -0.00251832 ; 0.00468068 ; -3.3344e-05 ; 101.579;
13 ; 6 ; 12 ; -0.0126234 ; 0.00905135 ; 0.0104779 ; 101.316;
4 ; 7 ; 12 ; -0.00116136 ; -0.000911078 ; 0.00520426 ; 101.697;
5 ; 7 ; 12 ; 0.0123708 ; -0.00643957 ; -0.00907549 ; 102.011;
6 ; 7 ; 12 ; 0.00983007 ; 0.000153509 ; -0.00721477 ; 101.331;
7 ; 7 ; 12 ; -0.000486389 ; -0.00408766 ; -0.0132414 ; 101.553;
8 ; 7 ; 12 ; -0.0148235 ; -0.00864486 ; 0.00997017 ; 101.426;
9 ; 7 ; 12 ; -0.0232758 ; 0.0119979 ; -0.00135722 ; 101.435;
10 ; 7 ; 12 ; 0.00974434 ; 0.000507853 ; -6.82848e-05 ; 101.048;
11 ; 7 ; 12 ; -0.00788428 ; -0.00733749 ; -0.010727 ; 102.012;
12 ; 7 ; 12 ; 0.00352012 ; -0.00106819 ; 0.00752307 ; 101.746;
13 ; 7 ; 12 ; 0.0151059 ; 0.00260584 ; -0.0112736 ; 101.419;
4 ; 8 ; 12 ; -0.00182685 ; -0.00871005 ; 0.00149287 ; 101.325;
5 ; 8 ; 12 ; -0.00769914 ; -0.0103286 ; 0.00270926 ; 101.344;
6 ; 8 ; 12 ; -0.0046844 ; -0.00944758 ; -0.000700967 ; 101.181;
7 ; 8 ; 12 ; -0.00171528 ; 0.0112072 ; 0.00157199 ; 101.674;
8 ; 8 ; 12 ; -0.00467586 ; -0.00397358 ; -0.00320114 ; 101.451;
9 ; 8 ; 12 ; -0.00139844 ; -0.00415665 ; -0.000238543 ; 101.724;
10 ; 8 ; 12 ; 0.0081566 ; 0.00474994 ; 0.00936175 ; 101.193;
11 ; 8 ; 12 ; -0.00854127 ; -0.00612883 ; -0.00455936 ; 101.626;
12 ; 8 ; 12 ; 0.00824807 ; -0.0115474 ; 0.000114974 ; 101.833;
13 ; 8 ; 12 ; -0.00524224 ; -0.00422284 ; 0.003641 ; 101.315;
4 ; 9 ; 12 ; 0.0162417 ; -0.00280815 ; -0.00319436 ; 101.675;
5 ; 9 ; 12 ; -0.00444281 ; -0.0138416 ; 0.00381823 ; 101.668;
6 ; 9 ; 12 ; -0.00350471 ; -0.003646 ; -0.00956794 ; 101.403;
7 ; 9 ; 12 ; -0.00855623 ; 0.00335791 ; -0.00882775 ; 101.089;
8 ; 9 ; 12 ; -0.00590131 ; -0.00997902 ; 0.00329676 ; 101.926;
9 ; 9 ; 12 ; 9.76931e-06 ; -0.00293145 ; 0.0163513 ; 101.797;
10 ; 9 ; 12 ; -0.00265206 ; 0.00749568 ; -0.00621343 ; 102;
11 ; 9 ; 12 ; 0.0152521 ; -0.00284695 ; 0.00119701 ; 101.71;
12 ; 9 ; 12 ; 0.00593413 ; -0.0183804 ; -0.00164013 ; 101.504;
13 ; 9 ; 12 ; -0.016282 ; -0.00747473 ; 0.00337926 ; 101.528;
4 ; 10 ; 12 ; 0.00342621 ; -0.01449 ; 0.00170332 ; 101.345;
5 ; 10 ; 12 ; 0.000610081 ; -0.00788795 ; -0.00586223 ; 101.94;
6 ; 10 ; 12 ; -0.00747438 ; -0.00651029 ; 0.0194552 ; 101.568;
7 ; 10 ; 12 ; 0.00892839 ; 0.00513421 ; -0.0183256 ; 101.85;
8 ; 10 ; 12 ; 0.000845261 ; 0.00201652 ; 0.000291015 ; 101.45;
9 ; 10 ; 12 ; 0.00370477 ; 0.00412196 ; -0.00269031 ; 101.833;
10 ; 10 ; 12 ; 0.00324129 ; -0.0200446 ; 0.00547554 ; 101.818;
11 ; 10 ; 12 ; -0.00158345 ; 0.00363807 ; 0.000680316 ; 101.776;
12 ; 10 ; 12 ; -0.0205279 ; 0.000564106 ; -0.00093454 ; 101.275;
13 ; 10 ; 12 ; -0.0109603 ; -0.00481744 ; -0.00782551 ; 101.599;
4 ; 11 ; 12 ; -0.00909123 ; 0.00783686 ; 0.0109863 ; 101.95;
5 ; 11 ; 12 ; -2.8241e-06 ; 0.000878378 ; 0.0029854 ; 101.75;
6 ; 11 ; 12 ; 0.00255195 ; -0.00856434 ; 0.00378378 ; 101.91;
7 ; 11 ; 12 ; -0.00553461 ; 8.74221e-05 ; 0.00141684 ; 101.142;
8 ; 11 ; 12 ; 0.000707478 ; -0.00481253 ; -0.0205419 ; 101.666;
9 ; 11 ; 12 ; 0.00248297 ; 0.0135419 ; 0.000133654 ; 101.882;
10 ; 11 ; 12 ; 0.010462 ; -0.00703031 ; 0.00341645 ; 101.723;
11 ; 11 ; 12 ; 0.00360728 ; 0.00505753 ; -0.00712651 ; 101.912;
12 ; 11 ; 12 ; 0.00457451 ; 0.00179914 ; 0.00329428 ; 101.132;
13 ; 11 ; 12 ; -0.0123235 ; 0.00163474 ; -0.0151898 ; 101.738;
4 ; 12 ; 12 ; 0.0117184 ; 0.00463652 ; 0.006467 ; 101.156;
5 ; 12 ; 12 ; -0.00749127 ; -0.0066826 ; -0.00171783 ; 101.466;
6 ; 12 ; 12 ; -0.0123702 ; -0.00606398 ; 0.00442492 ; 101.945;
7 ; 12 ; 12 ; 0.00130492 ; -0.0018007 ; -0.00162271 ; 101.586;
8 ; 12 ; 12 ; 0.0112434 ; 0.00771772 ; -0.0141287 ; 101.991;
9 ; 12 ; 12 ; 0.0142315 ; 0.00343582 ; 0.00224459 ; 101.475;
10 ; 12 ; 12 ; 0.000898068 ; 0.00412317 ; 0.00275856 ; 101.341;
11 ; 12 ; 12 ; 0.0126013 ; -0.00248094 ; -0.00779425 ; 101.732;
12 ; 12 ; 12 ; -0.00164385 ; 0.00838681 ; 0.0113346 ; 101.559;
13 ; 12 ; 12 ; 0.00704103 ; -0.00766371 ; -0.0100067 ; 102.011;
4 ; 13 ; 12 ; -0.0130168 ; -0.00733451 ; -0.00221628 ; 101.375;
5 ; 13 ; 12 ; 0.00773523 ; -0.00510569 ; -0.00738466 ; 101.426;
6 ; 13 ; 12 ; -0.00325127 ; -5.32585e-06 ; -0.00583429 ; 101.845;
7 ; 13 ; 12 ; 0.000700669 ; -0.00922157 ; -0.011829 ; 101.952;
8 ; 13 ; 12 ; 0.00780158 ; -0.0058521 ; 0.00377214 ; 101.774;
9 ; 13 ; 12 ; -0.00530189 ; -0.00234455 ; 0.0137658 ; 101.145;
10 ; 13 ; 12 ; 0.0078391 ; 0.00977068 ; 0.00927703 ; 101.831;
11 ; 13 ; 12 ; 0.00204534 ; -0.00792832 ; 0.00322205 ; 101.971;
12 ; 13 ; 12 ; -0.0116377 ; -0.00790115 ; 0.0182656 ; 101.636;
13 ; 13 ; 12 ; 0.00557106 ; -0.0102955 ; 0.00942468 ; 101.321;
4 ; 4 ; 13 ; 0.0107526 ; -0.00785623 ; 0.0139959 ; 101.16;
5 ; 4 ; 13 ; -0.00221084 ; 0.0155043 ; -0.000528191 ; 101.72;
6 ; 4 ; 13 ; 0.00211114 ; 0.0102944 ; 0.0033312 ; 101.755;
7 ; 4 ; 13 ; -0.017705 ; -0.00253573 ; 0.00645201 ; 101.937;
8 ; 4 ; 13 ; -0.0103963 ; 0.00469518 ; 0.0091782 ; 101.711;
9 ; 4 ; 13 ; 0.0133819 ; -0.00866329 ; -0.00231903 ; 101.084;
10 ; 4 ; 13 ; 0.0107624 ; 0.0116936 ; -0.0059469 ; 101.272;
11 ; 4 ; 13 ; 0.00498019 ; 0.006804 ; 0.0145627 ; 101.446;
12 ; 4 ; 13 ; 0.00534869 ; -0.00763489 ; 0.00106575 ; 100.926;
13 ; 4 ; 13 ; 0.00603943 ; 0.00862782 ; 0.00278911 ; 101.237;
4 ; 5 ; 13 ; -0.00308228 ; -5.26457e-05 ; 0.00345502 ; 101.197;
5 ; 5 ; 13 ; 0.012319 ; -0.00372383 ; -0.0100566 ; 101.601;
6 ; 5 ; 13 ; -0.000761981 ; 0.000422682 ; 0.00169982 ; 101.658;
7 ; 5 ; 13 ; 0.0101828 ; -0.011499 ; -0.0128607 ; 101.604;
8 ; 5 ; 13 ; -0.0039919 ; 0.00629934 ; 0.00599838 ; 101.711;
9 ; 5 ; 13 ; -0.000308593 ; 0.00448302 ; -0.00587017 ; 101.538;
10 ; 5 ; 13 ; 0.0109073 ; 0.0100881 ; -0.00625375 ; 101.51;
11 ; 5 ; 13 ; -0.000804981 ; -0.00684556 ; -0.00650582 ; 101.392;
12 ; 5 ; 13 ; -0.0186648 ; -0.0115847 ; -0.00588066 ; 101.531;
13 ; 5 ; 13 ; 0.0204405 ; 0.00166262 ; 0.00307005 ; 101.599;
4 ; 6 ; 13 ; 0.00244952 ; -0.0193411 ; -0.00341421 ; 101.801;
5 ; 6 ; 13 ; -0.00380922 ; 0.0114234 ; -0.00140431 ; 101.435;
6 ; 6 ; 13 ; 0.0173491 ; 0.0081427 ; 0.0155607 ; 101.624;
7 ; 6 ; 13 ; 0.0111357 ; -0.00801437 ; -0.00841058 ; 101.611;
8 ; 6 ; 13 ; 0.00250089 ; 0.0133138 ; -0.00871172 ; 101.356;
9 ; 6 ; 13 ; -0.00457013 ; -0.00440993 ; 0.0119895 ; 101.423;
10 ; 6 ; 13 ; -0.00196022 ; -0.0010552 ; 0.00505371 ; 101.249;
11 ; 6 ; 13 ; -0.0079208 ; -0.0182958 ; -0.00972956 ; 100.866;
12 ; 6 ; 13 ; 0.00131057 ; -0.0168097 ; 0.0145707 ; 101.636;
13 ; 6 ; 13 ; -0.00886067 ; 0.00105477 ; -0.00598059 ; 101.911;
4 ; 7 ; 13 ; 0.00300844 ; -0.00522461 ; 0.00131829 ; 102.172;
5 ; 7 ; 13 ; 0.00604782 ; 0.00517723 ; -0.00783262 ; 101.721;
6 ; 7 ; 13 ; 0.00296982 ; 0.00224047 ; -0.00354844 ; 101.533;
7 ; 7 ; 13 ; -0.00315559 ; -0.0126537 ; -0.0153284 ; 101.396;
8 ; 7 ; 13 ; 0.011134 ; 0.00861276 ; 0.00477847 ; 101.425;
9 ; 7 ; 13 ; 0.00850197 ; 0.0052775 ; -0.00191233 ; 101.361;
10 ; 7 ; 13 ; 0.000881007 ; 0.00067715 ; -0.00823525 ; 101.813;
11 ; 7 ; 13 ; 0.00135438 ; -0.00395334 ; -0.00353939 ; 101.353;
12 ; 7 ; 13 ; 0.00651455 ; 0.0047763 ; -0.00865248 ; 101.759;
13 ; 7 ; 13 ; -0.0015038 ; 0.00274653 ; -0.00724497 ; 101.5;
4 ; 8 ; 13 ; 0.00300929 ; -0.000425201 ; 0.00149177 ; 101.838;
5 ; 8 ; 13 ; 0.00371803 ; -0.0153263 ; -0.0142006 ; 102.017;
6 ; 8 ; 13 ; -0.00994875 ; -0.000129949 ; -0.00372712 ; 101.822;
7 ; 8 ; 13 ; -0.00468167 ; -0.0142596 ; 0.00772294 ; 101.61;
8 ; 8 ; 13 ; 0.004779 ; -0.00746382 ; -0.00743689 ; 101.391;
9 ; 8 ; 13 ; -0.00735314 ; 0.00315235 ; 0.00111274 ; 101.945;
10 ; 8 ; 13 ; -0.00171465 ; 0.0148936 ; 0.0121192 ; 101.669;
11 ; 8 ; 13 ; -0.00104457 ; -0.00224103 ; -0.00280987 ; 101.617;
12 ; 8 ; 13 ; 0.00087989 ; -0.0095286 ; -0.00368228 ; 101.516;
13 ; 8 ; 13 ; -0.0168045 ; -0.0126687 ; -0.00282881 ; 101.527;
4 ; 9 ; 13 ; -0.0245716 ; -0.00993124 ; -0.00267962 ; 101.902;
5 ; 9 ; 13 ; 0.00343237 ; -0.0110751 ; 0.00437383 ; 101.143;
6 ; 9 ; 13 ; -0.0106065 ; 0.00490997 ; 0.00987991 ; 101.754;
7 ; 9 ; 13 ; 0.0006762 ; -0.00544261 ; 0.00266382 ; 101.692;
8 ; 9 ; 13 ; 0.014631 ; 0.000478538 ; -0.0103925 ; 101.559;
9 ; 9 ; 13 ; 0.0059444 ; 0.00656419 ; -0.00483827 ; 101.706;
10 ; 9 ; 13 ; 1.47925e-05 ; 0.0151516 ; 0.00779907 ; 101.162;
11 ; 9 ; 13 ; -0.00455879 ; -0.00882315 ; -0.000325892 ; 101.851;
12 ; 9 ; 13 ; 0.00133439 ; -0.0119434 ; 0.00363592 ; 101.281;
13 ; 9 ; 13 ; -0.0162891 ; 0.00916118 ; -0.0129025 ; 101.427;
4 ; 10 ; 13 ; 0.0101337 ; -0.00369404 ; 0.00248081 ; 101.799;
5 ; 10 ; 13 ; 0.00917701 ; -0.00347307 ; -0.0145727 ; 101.784;
6 ; 10 ; 13 ; 0.00978013 ; 0.00284443 ; 0.0105201 ; 101.5;
7 ; 10 ; 13 ; 0.00244901 ; 0.015311 ; 0.0108138 ; 101.797;
8 ; 10 ; 13 ; 0.0160468 ; 0.00277278 ; -0.00241471 ; 101.836;
9 ; 10 ; 13 ; -0.00433525 ; -0.016703 ; -0.000648762 ; 101.336;
10 ; 10 ; 13 ; -0.00467739 ; -0.00582495 ; 0.00196338 ; 101.684;
11 ; 10 ; 13 ; -0.0125446 ; 0.00552769 ; 0.00445477 ; 101.387;
12 ; 10 ; 13 ; -0.00946632 ; 0.0049996 ; 0.0019462 ; 101.649;
13 ; 10 ; 13 ; -0.00597157 ; 0.00500995 ; -0.00259477 ; 101.3;
4 ; 11 ; 13 ; 0.0014564 ; 0.0170668 ; 0.0104268 ; 101.31;
5 ; 11 ; 13 ; -0.00786801 ; -0.00418079 ; -0.0044565 ; 101.649;
6 ; 11 ; 13 ; 0.0220634 ; -0.0066292 ; -0.0144016 ; 101.656;
7 ; 11 ; 13 ; 0.00411464 ; 0.00944598 ; 0.013696 ; 101.969;
8 ; 11 ; 13 ; -0.00311571 ; -0.00203601 ; -0.00707784 ; 101.652;
9 ; 11 ; 13 ; -0.00590575 ; -0.0195955 ; 0.00372014 ; 101.366;
10 ; 11 ; 13 ; 0.00914124 ; 0.000182044 ; -0.00160859 ; 101.646;
11 ; 11 ; 13 ; 0.00439368 ; -0.00884052 ; -0.00620439 ; 102.236;
12 ; 11 ; 13 ; 0.01369 ; -0.00316506 ; -0.0128966 ; 101.31;
13 ; 11 ; 13 ; 0.00373394 ; -0.00508997 ; 0.000817577 ; 101.642;
4 ; 12 ; 13 ; 0.00734733 ; 0.0106021 ; -0.00302446 ; 101.923;
5 ; 12 ; 13 ; -0.00440406 ; 0.00414349 ; -0.00831539 ; 101.482;
6 ; 12 ; 13 ; 0.00626673 ; -0.00751773 ; -0.00498817 ; 101.263;
7 ; 12 ; 13 ; 0.0133067 ; 0.00773527 ; -0.0133949 ; 101.402;
8 ; 12 ; 13 ; 0.0101955 ; 0.0122145 ; 0.00550535 ; 101.655;
9 ; 12 ; 13 ; 0.00401641 ; -0.000764356 ; 0.00988652 ; 101.722;
10 ; 12 ; 13 ; 0.00685322 ; 0.00686338 ; 0.00670876 ; 101.865;
11 ; 12 ; 13 ; 0.0119647 ; 0.00932703 ; -0.00785155 ; 101.216;
12 ; 12 ; 13 ; 0.00568146 ; -0.000121553 ; -0.00899904 ; 101.109;
13 ; 12 ; 13 ; 0.011346 ; 0.0047638 ; -0.000589855 ; 101.237;
4 ; 13 ; 13 ; -0.00695061 ; 0.00515498 ; 0.00189629 ; 101.241;
5 ; 13 ; 13 ; -0.00212774 ; 0.0028468 ; -0.00476918 ; 101.504;
6 ; 13 ; 13 ; 0.00509998 ; -0.0130466 ; -0.00680745 ; 101.551;
7 ; 13 ; 13 ; -0.000901548 ; -0.00730151 ; -0.0221288 ; 101.731;
8 ; 13 ; 13 ; -0.00521501 ; 0.00318994 ; 0.0104389 ; 101.501;
9 ; 13 ; 13 ; 0.00149381 ; -0.0015682 ; 0.00759575 ; 101.534;
10 ; 13 ; 13 ; 0.00318256 ; 0.000185287 ; -0.0163744 ; 101.731;
11 ; 13 ; 13 ; -0.0133748 ; -0.00732781 ; 0.0020712 ; 101.369;
12 ; 13 ; 13 ; 0.00504926 ; 0.00341441 ; -0.0077748 ; 101.752;
13 ; 13 ; 13 ; 0.00737516 ; 0.00158848 ; 0.0122238 ; 101.6;
